SET search_path TO byai;

INSERT INTO byai.po_users (user_id,user_name,email,phone,user_code,pwd,address,remark,user_eff_date,user_exp_date,create_date,update_date,state,state_time,is_locked,last_login_date,security_question_id,security_answer,thumbnail_uri,ext_attr,assistant_id,user_number,station_id,register_type,apple_user_id) VALUES
	 (101,'萧峰',NULL,NULL,'xiaofeng','defaultpwd',NULL,NULL,NULL,NULL,'2026-04-28 07:46:39.977',NULL,'A',NULL,'N',NULL,NULL,NULL,NULL,NULL,NULL,NULL,NULL,NULL,NULL),
	 (102,'郭靖',NULL,NULL,'guojing','defaultpwd',NULL,NULL,NULL,NULL,'2026-04-28 07:46:39.977',NULL,'A',NULL,'N',NULL,NULL,NULL,NULL,NULL,NULL,NULL,NULL,NULL,NULL),
	 (103,'令狐冲',NULL,NULL,'linghuchong','defaultpwd',NULL,NULL,NULL,NULL,'2026-04-28 07:46:39.977',NULL,'A',NULL,'N',NULL,NULL,NULL,NULL,NULL,NULL,NULL,NULL,NULL,NULL),
	 (104,'韦小宝',NULL,NULL,'weixiaobao','defaultpwd',NULL,NULL,NULL,NULL,'2026-04-28 07:46:39.977',NULL,'A',NULL,'N',NULL,NULL,NULL,NULL,NULL,NULL,NULL,NULL,NULL,NULL),
	 (105,'胡斐',NULL,NULL,'hufei','defaultpwd',NULL,NULL,NULL,NULL,'2026-04-28 07:46:39.977',NULL,'A',NULL,'N',NULL,NULL,NULL,NULL,NULL,NULL,NULL,NULL,NULL,NULL),
	 (106,'陈家洛',NULL,NULL,'chenjialuo','defaultpwd',NULL,NULL,NULL,NULL,'2026-04-28 07:46:39.977',NULL,'A',NULL,'N',NULL,NULL,NULL,NULL,NULL,NULL,NULL,NULL,NULL,NULL),
	 (107,'狄云',NULL,NULL,'diyun','defaultpwd',NULL,NULL,NULL,NULL,'2026-04-28 07:46:39.977',NULL,'A',NULL,'N',NULL,NULL,NULL,NULL,NULL,NULL,NULL,NULL,NULL,NULL),
	 (108,'杨过',NULL,NULL,'yangguo','defaultpwd',NULL,NULL,NULL,NULL,'2026-04-28 07:46:39.977',NULL,'A',NULL,'N',NULL,NULL,NULL,NULL,NULL,NULL,NULL,NULL,NULL,NULL),
	 (109,'张无忌',NULL,NULL,'zhangwuji','defaultpwd',NULL,NULL,NULL,NULL,'2026-04-28 07:46:39.977',NULL,'A',NULL,'N',NULL,NULL,NULL,NULL,NULL,NULL,NULL,NULL,NULL,NULL),
	 (110,'黄蓉',NULL,NULL,'huangrong','defaultpwd',NULL,NULL,NULL,NULL,'2026-04-28 07:46:39.977',NULL,'A',NULL,'N',NULL,NULL,NULL,NULL,NULL,NULL,NULL,NULL,NULL,NULL);
INSERT INTO byai.po_users (user_id,user_name,email,phone,user_code,pwd,address,remark,user_eff_date,user_exp_date,create_date,update_date,state,state_time,is_locked,last_login_date,security_question_id,security_answer,thumbnail_uri,ext_attr,assistant_id,user_number,station_id,register_type,apple_user_id) VALUES
	 (111,'赵敏',NULL,NULL,'zhaomin','defaultpwd',NULL,NULL,NULL,NULL,'2026-04-28 07:46:39.977',NULL,'A',NULL,'N',NULL,NULL,NULL,NULL,NULL,NULL,NULL,NULL,NULL,NULL),
	 (100,'张三丰',NULL,NULL,'zhangsanfeng','defaultpwd',NULL,NULL,NULL,NULL,'2026-04-28 07:46:39.977',NULL,'A',NULL,'N',NULL,NULL,NULL,NULL,NULL,NULL,'221312',NULL,NULL,NULL),
	 (10001,'平台管理员adminvip','adminvip@byai.com','TvvjzLzE6+JUsjGVhw7yXw==','adminvip','defaultpwd',NULL,NULL,'2025-06-03 07:04:21.908',NULL,'2025-06-03 07:04:21.908','2026-04-28 20:12:43.395','A',NULL,'N','2026-04-28 20:12:43.394',NULL,NULL,NULL,NULL,10000004,'0000000002',576,NULL,NULL),
	 (10000009,'覃小迪',NULL,NULL,'0027002543','defaultpwd',NULL,NULL,'2026-04-28 11:04:11.689',NULL,'2026-04-28 11:04:11.689','2026-04-28 11:04:25.822','A','2026-04-28 11:04:11.689','N',NULL,NULL,NULL,NULL,NULL,10000009,'0027002543',NULL,NULL,NULL),
	 (10000022,'黄药师',NULL,NULL,'0027024630','defaultpwd',NULL,NULL,'2026-04-28 11:05:00.066',NULL,'2026-04-28 11:05:00.066',NULL,'A','2026-04-28 11:05:00.066','N',NULL,NULL,NULL,NULL,NULL,10000022,'0027024630',NULL,NULL,NULL),
	 (10000036,'无名',NULL,NULL,'0027000620','defaultpwd',NULL,NULL,'2026-04-28 11:06:49.140',NULL,'2026-04-28 11:06:49.140',NULL,'A','2026-04-28 11:06:49.140','N',NULL,NULL,NULL,NULL,NULL,10000036,'0027000620',NULL,NULL,NULL),
	 (10000043,'周伯通',NULL,NULL,'0027011326','defaultpwd',NULL,NULL,'2026-04-28 11:07:23.106',NULL,'2026-04-28 11:07:23.106',NULL,'A','2026-04-28 11:07:23.106','N',NULL,NULL,NULL,NULL,NULL,10000043,'0027011326',NULL,NULL,NULL),
	 (10000057,'陈舵主',NULL,NULL,'0027024710','defaultpwd',NULL,NULL,'2026-04-28 11:08:49.096',NULL,'2026-04-28 11:08:49.096',NULL,'A','2026-04-28 11:08:49.096','N',NULL,NULL,NULL,NULL,NULL,10000057,'0027024710',NULL,NULL,NULL),
	 (10000050,'谢逊飞',NULL,NULL,'0027023754','defaultpwd',NULL,NULL,'2026-04-28 11:08:07.481',NULL,'2026-04-28 11:08:07.481','2026-04-28 11:09:29.173','A','2026-04-28 11:08:07.481','N',NULL,NULL,NULL,NULL,NULL,10000050,'0027023754',NULL,NULL,NULL),
	 (10000070,'王重阳',NULL,NULL,'0027019281','defaultpwd',NULL,NULL,'2026-04-28 11:10:05.087',NULL,'2026-04-28 11:10:05.087',NULL,'A','2026-04-28 11:10:05.087','N',NULL,NULL,NULL,NULL,NULL,10000070,'0027019281',NULL,NULL,NULL);
INSERT INTO byai.po_users (user_id,user_name,email,phone,user_code,pwd,address,remark,user_eff_date,user_exp_date,create_date,update_date,state,state_time,is_locked,last_login_date,security_question_id,security_answer,thumbnail_uri,ext_attr,assistant_id,user_number,station_id,register_type,apple_user_id) VALUES
	 (10000077,'黎明',NULL,NULL,'0027011322','defaultpwd',NULL,NULL,'2026-04-28 11:11:15.240',NULL,'2026-04-28 11:11:15.240',NULL,'A','2026-04-28 11:11:15.240','N',NULL,NULL,NULL,NULL,NULL,10000077,'0027011322',NULL,NULL,NULL),
	 (10000091,'杜甫',NULL,NULL,'0027012991','defaultpwd',NULL,NULL,'2026-04-28 11:13:06.771',NULL,'2026-04-28 11:13:06.771',NULL,'A','2026-04-28 11:13:06.771','N',NULL,NULL,NULL,NULL,NULL,10000091,'0027012991',NULL,NULL,NULL),
	 (10000105,'萧峰',NULL,NULL,'0027016840','defaultpwd',NULL,NULL,'2026-04-28 11:15:48.839',NULL,'2026-04-28 11:15:48.839',NULL,'A','2026-04-28 11:15:48.839','N',NULL,NULL,NULL,NULL,NULL,10000105,'0027016840',NULL,NULL,NULL),
	 (10000098,'罗贯中',NULL,NULL,'0027028723','defaultpwd',NULL,NULL,'2026-04-28 11:14:57.120',NULL,'2026-04-28 11:14:57.120','2026-04-28 11:16:02.631','A','2026-04-28 11:14:57.120','N',NULL,NULL,NULL,NULL,NULL,10000098,'0027028723',NULL,NULL,NULL),
	 (112,'任盈盈',NULL,NULL,'renyingying','defaultpwd',NULL,NULL,NULL,NULL,'2026-04-28 07:46:39.977',NULL,'A',NULL,'N',NULL,NULL,NULL,NULL,NULL,NULL,NULL,NULL,NULL,NULL),
	 (113,'小龙女',NULL,NULL,'xiaolongnv','defaultpwd',NULL,NULL,NULL,NULL,'2026-04-28 07:46:39.977',NULL,'A',NULL,'N',NULL,NULL,NULL,NULL,NULL,NULL,NULL,NULL,NULL,NULL),
	 (114,'王语嫣',NULL,NULL,'wangyuyan','defaultpwd',NULL,NULL,NULL,NULL,'2026-04-28 07:46:39.977',NULL,'A',NULL,'N',NULL,NULL,NULL,NULL,NULL,NULL,NULL,NULL,NULL,NULL),
	 (115,'霍青桐',NULL,NULL,'huoqingtong','defaultpwd',NULL,NULL,NULL,NULL,'2026-04-28 07:46:39.977',NULL,'A',NULL,'N',NULL,NULL,NULL,NULL,NULL,NULL,NULL,NULL,NULL,NULL),
	 (116,'苗若兰',NULL,NULL,'miaoruolan','defaultpwd',NULL,NULL,NULL,NULL,'2026-04-28 07:46:39.977',NULL,'A',NULL,'N',NULL,NULL,NULL,NULL,NULL,NULL,NULL,NULL,NULL,NULL),
	 (117,'洪七公',NULL,NULL,'hongqigong','defaultpwd',NULL,NULL,NULL,NULL,'2026-04-28 07:46:39.977',NULL,'A',NULL,'N',NULL,NULL,NULL,NULL,NULL,NULL,NULL,NULL,NULL,NULL);
INSERT INTO byai.po_users (user_id,user_name,email,phone,user_code,pwd,address,remark,user_eff_date,user_exp_date,create_date,update_date,state,state_time,is_locked,last_login_date,security_question_id,security_answer,thumbnail_uri,ext_attr,assistant_id,user_number,station_id,register_type,apple_user_id) VALUES
	 (118,'黄药师',NULL,NULL,'huangyaoshi','defaultpwd',NULL,NULL,NULL,NULL,'2026-04-28 07:46:39.977',NULL,'A',NULL,'N',NULL,NULL,NULL,NULL,NULL,NULL,NULL,NULL,NULL,NULL),
	 (119,'欧阳锋',NULL,NULL,'ouyangfeng','defaultpwd',NULL,NULL,NULL,NULL,'2026-04-28 07:46:39.977',NULL,'A',NULL,'N',NULL,NULL,NULL,NULL,NULL,NULL,NULL,NULL,NULL,NULL),
	 (120,'段誉',NULL,NULL,'duanyu','defaultpwd',NULL,NULL,NULL,NULL,'2026-04-28 07:46:39.977',NULL,'A',NULL,'N',NULL,NULL,NULL,NULL,NULL,NULL,NULL,NULL,NULL,NULL),
	 (121,'虚竹',NULL,NULL,'xuzhu','defaultpwd',NULL,NULL,NULL,NULL,'2026-04-28 07:46:39.977',NULL,'A',NULL,'N',NULL,NULL,NULL,NULL,NULL,NULL,NULL,NULL,NULL,NULL),
	 (122,'周伯通',NULL,NULL,'zhoubotong','defaultpwd',NULL,NULL,NULL,NULL,'2026-04-28 07:46:39.977',NULL,'A',NULL,'N',NULL,NULL,NULL,NULL,NULL,NULL,NULL,NULL,NULL,NULL),
	 (123,'慕容复',NULL,NULL,'murongfu','defaultpwd',NULL,NULL,NULL,NULL,'2026-04-28 07:46:39.977',NULL,'A',NULL,'N',NULL,NULL,NULL,NULL,NULL,NULL,NULL,NULL,NULL,NULL),
	 (124,'游坦之',NULL,NULL,'youtanzhi','defaultpwd',NULL,NULL,NULL,NULL,'2026-04-28 07:46:39.977',NULL,'A',NULL,'N',NULL,NULL,NULL,NULL,NULL,NULL,NULL,NULL,NULL,NULL),
	 (125,'岳不群',NULL,NULL,'yuebuqun','defaultpwd',NULL,NULL,NULL,NULL,'2026-04-28 07:46:39.977',NULL,'A',NULL,'N',NULL,NULL,NULL,NULL,NULL,NULL,NULL,NULL,NULL,NULL),
	 (126,'风清扬',NULL,NULL,'fengqingyang','defaultpwd',NULL,NULL,NULL,NULL,'2026-04-28 07:46:39.977',NULL,'A',NULL,'N',NULL,NULL,NULL,NULL,NULL,NULL,NULL,NULL,NULL,NULL),
	 (127,'扫地僧',NULL,NULL,'saodiseng','defaultpwd',NULL,NULL,NULL,NULL,'2026-04-28 07:46:39.977',NULL,'A',NULL,'N',NULL,NULL,NULL,NULL,NULL,NULL,NULL,NULL,NULL,NULL);
INSERT INTO byai.po_users (user_id,user_name,email,phone,user_code,pwd,address,remark,user_eff_date,user_exp_date,create_date,update_date,state,state_time,is_locked,last_login_date,security_question_id,security_answer,thumbnail_uri,ext_attr,assistant_id,user_number,station_id,register_type,apple_user_id) VALUES
	 (128,'宋远桥',NULL,NULL,'songyuanqiao','defaultpwd',NULL,NULL,NULL,NULL,'2026-04-28 07:46:39.977',NULL,'A',NULL,'N',NULL,NULL,NULL,NULL,NULL,NULL,NULL,NULL,NULL,NULL),
	 (129,'俞莲舟',NULL,NULL,'yulianzhou','defaultpwd',NULL,NULL,NULL,NULL,'2026-04-28 07:46:39.977',NULL,'A',NULL,'N',NULL,NULL,NULL,NULL,NULL,NULL,NULL,NULL,NULL,NULL),
	 (130,'张翠山',NULL,NULL,'zhangcuishan','defaultpwd',NULL,NULL,NULL,NULL,'2026-04-28 07:46:39.977',NULL,'A',NULL,'N',NULL,NULL,NULL,NULL,NULL,NULL,NULL,NULL,NULL,NULL),
	 (131,'殷素素',NULL,NULL,'yinsusu','defaultpwd',NULL,NULL,NULL,NULL,'2026-04-28 07:46:39.977',NULL,'A',NULL,'N',NULL,NULL,NULL,NULL,NULL,NULL,NULL,NULL,NULL,NULL),
	 (132,'俞岱岩',NULL,NULL,'yudaiyan','defaultpwd',NULL,NULL,NULL,NULL,'2026-04-28 07:46:39.977',NULL,'A',NULL,'N',NULL,NULL,NULL,NULL,NULL,NULL,NULL,NULL,NULL,NULL),
	 (133,'谢逊',NULL,NULL,'xiexun','defaultpwd',NULL,NULL,NULL,NULL,'2026-04-28 07:46:39.977',NULL,'A',NULL,'N',NULL,NULL,NULL,NULL,NULL,NULL,NULL,NULL,NULL,NULL),
	 (134,'韦一笑',NULL,NULL,'weiyixiao','defaultpwd',NULL,NULL,NULL,NULL,'2026-04-28 07:46:39.977',NULL,'A',NULL,'N',NULL,NULL,NULL,NULL,NULL,NULL,NULL,NULL,NULL,NULL),
	 (135,'杨逍',NULL,NULL,'yangxiao','defaultpwd',NULL,NULL,NULL,NULL,'2026-04-28 07:46:39.977',NULL,'A',NULL,'N',NULL,NULL,NULL,NULL,NULL,NULL,NULL,NULL,NULL,NULL),
	 (136,'范遥',NULL,NULL,'fanyao','defaultpwd',NULL,NULL,NULL,NULL,'2026-04-28 07:46:39.977',NULL,'A',NULL,'N',NULL,NULL,NULL,NULL,NULL,NULL,NULL,NULL,NULL,NULL),
	 (137,'成昆',NULL,NULL,'chengkun','defaultpwd',NULL,NULL,NULL,NULL,'2026-04-28 07:46:39.977',NULL,'A',NULL,'N',NULL,NULL,NULL,NULL,NULL,NULL,NULL,NULL,NULL,NULL);
INSERT INTO byai.po_users (user_id,user_name,email,phone,user_code,pwd,address,remark,user_eff_date,user_exp_date,create_date,update_date,state,state_time,is_locked,last_login_date,security_question_id,security_answer,thumbnail_uri,ext_attr,assistant_id,user_number,station_id,register_type,apple_user_id) VALUES
	 (138,'殷天正',NULL,NULL,'yintianzheng','defaultpwd',NULL,NULL,NULL,NULL,'2026-04-28 07:46:39.977',NULL,'A',NULL,'N',NULL,NULL,NULL,NULL,NULL,NULL,NULL,NULL,NULL,NULL),
	 (10000118,'刘皇叔',NULL,NULL,'0027030770','defaultpwd',NULL,NULL,'2026-04-28 11:17:10.014',NULL,'2026-04-28 11:17:10.014',NULL,'A','2026-04-28 11:17:10.014','N',NULL,NULL,NULL,NULL,NULL,10000118,'0027030770',NULL,NULL,NULL),
	 (10000084,'吴彦祖',NULL,NULL,'0027021534','defaultpwd',NULL,NULL,'2026-04-28 11:12:01.794',NULL,'2026-04-28 11:12:01.794','2026-04-28 11:17:54.221','A','2026-04-28 11:12:01.794','N',NULL,NULL,NULL,NULL,NULL,10000084,'0027021534',NULL,NULL,NULL),
	 (10000029,'梁小',NULL,NULL,'0027003719','defaultpwd',NULL,NULL,'2026-04-28 11:05:58.807',NULL,'2026-04-28 11:05:58.807',NULL,'A','2026-04-28 11:05:58.807','N',NULL,NULL,NULL,NULL,NULL,10000029,'0027003719',NULL,NULL,NULL),
	 (137,'成昆',NULL,NULL,'chengkun','defaultpwd',NULL,NULL,NULL,NULL,'2026-04-28 07:46:39.977',NULL,'A',NULL,'N',NULL,NULL,NULL,NULL,NULL,NULL,NULL,NULL,NULL,NULL);
INSERT INTO byai.po_users (user_id,user_name,email,phone,user_code,pwd,address,remark,user_eff_date,user_exp_date,create_date,update_date,state,state_time,is_locked,last_login_date,security_question_id,security_answer,thumbnail_uri,ext_attr,assistant_id,user_number,station_id,register_type,apple_user_id) VALUES
	 (10,'鲍总',NULL,NULL,'101155','defaultpwd',NULL,NULL,NULL,NULL,'2026-04-28 07:46:39.977',NULL,'A',NULL,'N',NULL,NULL,NULL,NULL,NULL,NULL,'101155',NULL,NULL,NULL),
	 (11,'杨总',NULL,NULL,'0027010369','defaultpwd',NULL,NULL,'2026-04-28 11:17:10.014',NULL,'2026-04-28 11:17:10.014',NULL,'A','2026-04-28 11:17:10.014','N',NULL,NULL,NULL,NULL,NULL,NULL,'0027010369',NULL,NULL,NULL),
	 (12,'罗总',NULL,NULL,'0027000618','defaultpwd',NULL,NULL,'2026-04-28 11:12:01.794',NULL,'2026-04-28 11:12:01.794','2026-04-28 11:17:54.221','A','2026-04-28 11:12:01.794','N',NULL,NULL,NULL,NULL,NULL,NULL,'0027000618',NULL,NULL,NULL),
	 (13,'陈总',NULL,NULL,'0027002811','defaultpwd',NULL,NULL,'2026-04-28 11:05:58.807',NULL,'2026-04-28 11:05:58.807',NULL,'A','2026-04-28 11:05:58.807','N',NULL,NULL,NULL,NULL,NULL,NULL,'0027002811',NULL,NULL,NULL);

update byai.po_users set pwd=MD5(CONCAT('12345{',USER_CODE,'}')) where pwd='defaultpwd';

update byai.po_users set pwd=MD5(CONCAT('Byai@13579{',USER_CODE,'}')) where user_code='adminvip';


INSERT INTO byai.po_organization (org_id,org_code,org_name,org_type,parent_org_id,org_level,org_index,create_date,update_date,path_code,org_desc) VALUES
	 (202,'202','鲸智科技','0',-1,1,0,'2026-04-28 07:46:39.645',NULL,'-1.202',NULL),
	 (242,'242','华中-医疗组','0',215,4,3,'2026-04-28 07:46:39.912',NULL,'-1.202.210.215.242',NULL),
	 (241,'241','华中-政府组','0',215,4,2,'2026-04-28 07:46:39.912',NULL,'-1.202.210.215.241',NULL),
	 (240,'240','华中-金融组','0',215,4,1,'2026-04-28 07:46:39.912',NULL,'-1.202.210.215.240',NULL),
	 (239,'239','华西-制造组','0',214,4,2,'2026-04-28 07:46:39.912',NULL,'-1.202.210.214.239',NULL),
	 (238,'238','华西-政府组','0',214,4,1,'2026-04-28 07:46:39.912',NULL,'-1.202.210.214.238',NULL),
	 (237,'237','华南-政府组','0',213,4,2,'2026-04-28 07:46:39.912',NULL,'-1.202.210.213.237',NULL),
	 (236,'236','华南-金融组','0',213,4,1,'2026-04-28 07:46:39.912',NULL,'-1.202.210.213.236',NULL),
	 (235,'235','华东-制造组','0',212,4,3,'2026-04-28 07:46:39.912',NULL,'-1.202.210.212.235',NULL),
	 (234,'234','华东-政府组','0',212,4,2,'2026-04-28 07:46:39.912',NULL,'-1.202.210.212.234',NULL);
INSERT INTO byai.po_organization (org_id,org_code,org_name,org_type,parent_org_id,org_level,org_index,create_date,update_date,path_code,org_desc) VALUES
	 (233,'233','华东-金融组','0',212,4,1,'2026-04-28 07:46:39.912',NULL,'-1.202.210.212.233',NULL),
	 (232,'232','华北-政府组','0',211,4,2,'2026-04-28 07:46:39.912',NULL,'-1.202.210.211.232',NULL),
	 (231,'231','华北-金融组','0',211,4,1,'2026-04-28 07:46:39.912',NULL,'-1.202.210.211.231',NULL),
	 (224,'224','交付部','0',220,3,4,'2026-04-28 07:46:39.848',NULL,'-1.202.220.224',NULL),
	 (223,'223','CRM产品部','0',220,3,3,'2026-04-28 07:46:39.848',NULL,'-1.202.220.223',NULL),
	 (222,'222','BI产品部','0',220,3,2,'2026-04-28 07:46:39.848',NULL,'-1.202.220.222',NULL),
	 (221,'221','数据产品部','0',220,3,1,'2026-04-28 07:46:39.848',NULL,'-1.202.220.221',NULL),
	 (220,'220','研发与交付中心','0',202,2,2,'2026-04-28 07:46:39.717',NULL,'-1.202.220',NULL),
	 (215,'215','华中大区','0',210,3,5,'2026-04-28 07:46:39.783',NULL,'-1.202.210.215',NULL),
	 (214,'214','华西大区','0',210,3,4,'2026-04-28 07:46:39.783',NULL,'-1.202.210.214',NULL);
INSERT INTO byai.po_organization (org_id,org_code,org_name,org_type,parent_org_id,org_level,org_index,create_date,update_date,path_code,org_desc) VALUES
	 (213,'213','华南大区','0',210,3,3,'2026-04-28 07:46:39.783',NULL,'-1.202.210.213',NULL),
	 (212,'212','华东大区','0',210,3,2,'2026-04-28 07:46:39.783',NULL,'-1.202.210.212',NULL),
	 (211,'211','华北大区','0',210,3,1,'2026-04-28 07:46:39.783',NULL,'-1.202.210.211',NULL),
	 (210,'210','销售中心','0',202,2,1,'2026-04-28 07:46:39.717',NULL,'-1.202.210',NULL);




INSERT INTO byai.po_users_organization (id,user_id,org_id,position_id,user_type) VALUES
	 (52,10000098,220,31,'BUSINESS_MAN'),
	 (53,10000118,220,31,'BUSINESS_MAN'),
	 (54,10000084,220,31,'BUSINESS_MAN'),
	 (55,10000029,220,31,'BUSINESS_MAN'),
	 (1,1,103,1,'BUSINESS_MAN'),
	 (2,2,105,2,'BUSINESS_MAN'),
	 (3,100,210,27,'BUSINESS_MAN'),
	 (4,101,211,28,'BUSINESS_MAN'),
	 (5,102,212,28,'BUSINESS_MAN'),
	 (6,103,213,28,'BUSINESS_MAN');
INSERT INTO byai.po_users_organization (id,user_id,org_id,position_id,user_type) VALUES
	 (7,104,231,29,'BUSINESS_MAN'),
	 (8,105,233,29,'BUSINESS_MAN'),
	 (9,106,236,29,'BUSINESS_MAN'),
	 (10,107,234,29,'BUSINESS_MAN'),
	 (11,108,238,29,'BUSINESS_MAN'),
	 (12,109,240,29,'BUSINESS_MAN'),
	 (13,110,210,30,'BUSINESS_MAN'),
	 (14,111,210,30,'BUSINESS_MAN'),
	 (15,112,210,30,'BUSINESS_MAN'),
	 (16,113,210,30,'BUSINESS_MAN');
INSERT INTO byai.po_users_organization (id,user_id,org_id,position_id,user_type) VALUES
	 (17,114,210,30,'BUSINESS_MAN'),
	 (18,115,210,30,'BUSINESS_MAN'),
	 (19,116,210,30,'BUSINESS_MAN'),
	 (20,117,221,31,'BUSINESS_MAN'),
	 (21,118,222,31,'BUSINESS_MAN'),
	 (22,119,221,31,'BUSINESS_MAN'),
	 (23,120,222,31,'BUSINESS_MAN'),
	 (24,121,223,31,'BUSINESS_MAN'),
	 (25,122,221,31,'BUSINESS_MAN'),
	 (26,123,223,31,'BUSINESS_MAN');
INSERT INTO byai.po_users_organization (id,user_id,org_id,position_id,user_type) VALUES
	 (27,124,222,31,'BUSINESS_MAN'),
	 (28,125,223,31,'BUSINESS_MAN'),
	 (29,126,221,31,'BUSINESS_MAN'),
	 (30,127,220,31,'BUSINESS_MAN'),
	 (31,128,224,34,'BUSINESS_MAN'),
	 (32,129,224,34,'BUSINESS_MAN'),
	 (33,130,221,32,'BUSINESS_MAN'),
	 (34,131,222,32,'BUSINESS_MAN'),
	 (35,132,223,32,'BUSINESS_MAN'),
	 (36,133,224,33,'BUSINESS_MAN');
INSERT INTO byai.po_users_organization (id,user_id,org_id,position_id,user_type) VALUES
	 (37,134,224,33,'BUSINESS_MAN'),
	 (38,135,224,33,'BUSINESS_MAN'),
	 (39,136,224,33,'BUSINESS_MAN'),
	 (40,137,224,33,'BUSINESS_MAN'),
	 (41,138,224,33,'BUSINESS_MAN'),
	 (42,10000009,220,31,'BUSINESS_MAN'),
	 (43,10000022,220,31,'BUSINESS_MAN'),
	 (44,10000036,220,31,'BUSINESS_MAN'),
	 (45,10000043,220,31,'BUSINESS_MAN'),
	 (46,10000057,220,31,'BUSINESS_MAN');
INSERT INTO byai.po_users_organization (id,user_id,org_id,position_id,user_type) VALUES
	 (47,10000050,220,31,'BUSINESS_MAN'),
	 (48,10000070,220,31,'BUSINESS_MAN'),
	 (49,10000077,220,31,'BUSINESS_MAN'),
	 (50,10000091,220,31,'BUSINESS_MAN'),
	 (51,10000105,220,31,'BUSINESS_MAN');

INSERT INTO  byai.po_users_organization (id,user_id,org_id,position_id,user_type) VALUES
	 (10000010,10001,202,1,'DEV_USER'),
	 (10000011,10001,202,1,'ORG_MAN'),
	 (10000012,10001,202,1,'PLAT_MAN');


INSERT INTO po_position (position_id, position_name, position_desc, is_digital_position) VALUES (1, '产品经理', '负责产品规划、需求梳理、功能设计及产品迭代', 0);
INSERT INTO po_position (position_id, position_name, position_desc, is_digital_position) VALUES (2, 'Java后端开发工程师', '负责后端服务开发、接口设计、数据库设计与系统优化', 0);
INSERT INTO po_position (position_id, position_name, position_desc, is_digital_position) VALUES (3, 'AI产品运营', '负责AI产品运营、用户运营、数据复盘及策略优化', 0);
INSERT INTO po_position (position_id, position_name, position_desc, is_digital_position) VALUES (4, '测试工程师', '负责功能测试、接口自动化测试、缺陷跟踪与质量保障', 0);
INSERT INTO po_position (position_id, position_name, position_desc, is_digital_position) VALUES (5, '运维工程师', '负责服务部署、环境维护、监控告警及稳定性保障', 0);


INSERT INTO byai_system_config (param_id,param_type,param_code,param_name,param_en_name,param_value,param_desc) VALUES
	 (54,'text','SYSTEM_MAX_ONLINE_USERS','系统最大访问用户数设置','SYSTEM_MAX_ONLINE_USERS','10000','系统最大访问用户数设置'),
	 (10865553,'text','ENABLE_SANDBOX','是否开启沙箱','ENABLE_SANDBOX','1','是否开启沙箱'),
	 (10865554,'text','SANDBOX_TYPE','沙箱类型','SANDBOX_TYPE','[
    {
        "sandboxType": "openclaw",
        "sandboxName": "OpenClaw",
        "icon": "data:image/svg+xml;base64,PHN2ZyB2aWV3Qm94PSIwIDAgMTIwIDEyMCIgZmlsbD0ibm9uZSIgeG1sbnM9Imh0dHA6Ly93d3cudzMub3JnLzIwMDAvc3ZnIj4KICA8ZGVmcz4KICAgIDxsaW5lYXJHcmFkaWVudCBpZD0ibG9ic3Rlci1ncmFkaWVudCIgeDE9IjAlIiB5MT0iMCUiIHgyPSIxMDAlIiB5Mj0iMTAwJSI+CiAgICAgIDxzdG9wIG9mZnNldD0iMCUiIHN0b3AtY29sb3I9IiNmZjRkNGQiLz4KICAgICAgPHN0b3Agb2Zmc2V0PSIxMDAlIiBzdG9wLWNvbG9yPSIjOTkxYjFiIi8+CiAgICA8L2xpbmVhckdyYWRpZW50PgogIDwvZGVmcz4KICA8IS0tIEJvZHkgLS0+CiAgPHBhdGggZD0iTTYwIDEwIEMzMCAxMCAxNSAzNSAxNSA1NSBDMTUgNzUgMzAgOTUgNDUgMTAwIEw0NSAxMTAgTDU1IDExMCBMNTUgMTAwIEM1NSAxMDAgNjAgMTAyIDY1IDEwMCBMNjUgMTEwIEw3NSAxMTAgTDc1IDEwMCBDOTAgOTUgMTA1IDc1IDEwNSA1NSBDMTA1IDM1IDkwIDEwIDYwIDEwWiIgZmlsbD0idXJsKCNsb2JzdGVyLWdyYWRpZW50KSIvPgogIDwhLS0gTGVmdCBDbGF3IC0tPgogIDxwYXRoIGQ9Ik0yMCA0NSBDNSA0MCAwIDUwIDUgNjAgQzEwIDcwIDIwIDY1IDI1IDU1IEMyOCA0OCAyNSA0NSAyMCA0NVoiIGZpbGw9InVybCgjbG9ic3Rlci1ncmFkaWVudCkiLz4KICA8IS0tIFJpZ2h0IENsYXcgLS0+CiAgPHBhdGggZD0iTTEwMCA0NSBDMTE1IDQwIDEyMCA1MCAxMTUgNjAgQzExMCA3MCAxMDAgNjUgOTUgNTUgQzkyIDQ4IDk1IDQ1IDEwMCA0NVoiIGZpbGw9InVybCgjbG9ic3Rlci1ncmFkaWVudCkiLz4KICA8IS0tIEFudGVubmEgLS0+CiAgPHBhdGggZD0iTTQ1IDE1IFEzNSA1IDMwIDgiIHN0cm9rZT0iI2ZmNGQ0ZCIgc3Ryb2tlLXdpZHRoPSIzIiBzdHJva2UtbGluZWNhcD0icm91bmQiLz4KICA8cGF0aCBkPSJNNzUgMTUgUTg1IDUgOTAgOCIgc3Ryb2tlPSIjZmY0ZDRkIiBzdHJva2Utd2lkdGg9IjMiIHN0cm9rZS1saW5lY2FwPSJyb3VuZCIvPgogIDwhLS0gRXllcyAtLT4KICA8Y2lyY2xlIGN4PSI0NSIgY3k9IjM1IiByPSI2IiBmaWxsPSIjMDUwODEwIi8+CiAgPGNpcmNsZSBjeD0iNzUiIGN5PSIzNSIgcj0iNiIgZmlsbD0iIzA1MDgxMCIvPgogIDxjaXJjbGUgY3g9IjQ2IiBjeT0iMzQiIHI9IjIuNSIgZmlsbD0iIzAwZTVjYyIvPgogIDxjaXJjbGUgY3g9Ijc2IiBjeT0iMzQiIHI9IjIuNSIgZmlsbD0iIzAwZTVjYyIvPgo8L3N2Zz4K"
    }
]','沙箱类型'),
	 (2,'text','AGENT_RES_OWN_ORG','默认资源所属组织ID(个人创建数字员工或文档库时，记录的所属组织ID为-1)','AGENT_RES_OWN_ORG','-1','默认资源所属组织ID(个人创建数字员工或文档库时，记录的所属组织ID为-1)，双方约定为 -1，且不能修改（约定人黄升/刘军华）'),
	 (8,'text','USER_DEFAULT_PWD','门户使用(用户默认密码，RSA密文)','USER_DEFAULT_PWD','A174D7A0752A1301330864BFE18E54B36021174EED382921EDB7BD5BBECD814889719DC1317A27C859C1234714A9E98A0C2A2E69BD1687520B2DD594B4A39E941E1F5D0586FDAB98D2DB52AC217CE7F60DB386B28C5541C77BABD1583E5F14AED5120E94E26EF87CB2A7FDD9FC2885D1FC342FF47886E1923CA2E8B9BA870100','百应管理后台-用户默认密码-RSA密文加密（约定人何杜明）'),
	 (1,'text','AGENT_RESOURCE_PROJECT_ID','百应AI','AGENT_RESOURCE_PROJECT_ID','-1000','百应产品在智能体平台的项目空间ID，双方约定为 -1000，且不能修改（约定人黄升/刘军华）'),
	 (38,'text','SYSTEM_PROMPT','系统提示词','SYSTEM_PROMPT','
-- 当前时间：当前时间是%s
-- 当前用户: 和你聊天的用户是%s
','SYSTEM_PROMPT（智能体默认提示词，约定人沛坤）'),
	 (65,'text','IS_ALLOW_OUT_KG','本地文档知识库、第三方文档知识库的分类,枚举值是YES|NO,当IS_ALLOW_OUT_KG=YES时展示第三方文档。','IS_ALLOW_OUT_KG','YES','本地文档知识库、第三方文档知识库的分类,枚举值是YES|NO,当IS_ALLOW_OUT_KG=YES时展示第三方文档。'),
	 (67,'text','DATA_CLOUD_TOOL_INDEX','datacloud工具索引','ES_CONFIG','tools_registry_test','datacloud工具索引');
INSERT INTO byai_system_config (param_id,param_type,param_code,param_name,param_en_name,param_value,param_desc) VALUES
	 (60,'text','DAILY_CHAT_LIMIT','每日会话调用限制','DAILY_CHAT_LIMIT','1500','每个用户每天可以调用会话接口的最大次数'),
	 (202,'text','IS_MINI_BYAI','是否迷你版本百应','IS_MINI_BYAI','false','是否迷你版本百应,默认fase'),
	 (56,'text','ENABLE_APPROVE','资源发布时是否开启审批待办','ENABLE_APPROVE','true','资源发布时是否开启审批待办'),
	 (10859476,'text','DATACLOUD_URL','DATACLOUD_URL地址配置','DATACLOUD_URL','','DATACLOUD_URL地址配置,默认通过环境变量读取'),
	 (88,'text','beyondLogo','默认logo','beyondLogo','','beyondlogo'),
	 (39,'text','ENV','项目运行环境','ENV','mobile,asr,scheduleTask','项目运行环境'),
	 (131,'text','CHAT_DIGITAL_EMPLOYEE_THRESHOLD','阈值','CHAT_DIGITAL_EMPLOYEE_THRESHOLD','','问答数字员工质量等级评级阈值'),
	 (133,'text','AUTHORIZATION_BEARER','智能体基础认证配置BEARER','AUTHORIZATION_BEARER','WhaleDI-Agent-4cd294f7ead8adcd1f2f05c8b4ae7252ce453157a39e7620089a1732ced5bbe0','智能体基础认证配置BEARER，用于配置BEARER令牌相关认证参数'),
	 (102,'text','beyondAssistant','默认超级助手图标','beyondAssistant','','默认超级助手图标'),
	 (101,'text','beyondFavicon','默认浏览器页面ICON','beyondFavicon','','默认浏览器页面ICON');
INSERT INTO byai_system_config (param_id,param_type,param_code,param_name,param_en_name,param_value,param_desc) VALUES
	 (89,'text','beyondTitle','默认标题','beyondTitle','','beyondtitle'),
	 (10000145,NULL,'ENABLE_USE_SANDBOX_NUM','允许创建的最大沙箱数量','ENABLE_USE_SANDBOX_NUM','30','允许创建的最大沙箱数量'),
	 (10863540,'text','DIG_EMPLOYEE_FILE_UPLOAD_CONFIG','数字员工文件上传全局配置','DIG_EMPLOYEE_FILE_UPLOAD_CONFIG','{
	"enabled": true,
	"allowedFileTypes": [".docx", ".doc", ".pdf", ".txt", ".md", ".xlsx", ".xls", ".csv", ".pptx", ".ppt", ".png", ".jpeg", ".jpg"],
	"maxFileSize": 10,
	"maxFileCount": 5
}','数字员工文件上传全局配置'),
	 (119,'text','IS_CHECK_EMPLOYEE_OPEN_API_PUBLISH','数字员工API(BOT)接口新增检查开关','IS_CHECK_EMPLOYEE_OPEN_API_PUBLISH','false','数字员工API(BOT)接口新增检查开关'),
	 (118,'text','IS_CHECK_EMPLOYEE_PUBLISH','数字员工发布稽核重复开关','IS_CHECK_EMPLOYEE_PUBLISH','false','数字员工发布稽核重复开关'),
	 (117,'text','IS_CHECK_EMPLOYEE_AUDIT','数字员工新增检查开关','IS_CHECK_EMPLOYEE_AUDIT','false','数字员工新增检查开关');

INSERT INTO "byai"."byai_system_config" ("param_id", "param_type", "param_code", "param_name", "param_en_name", "param_value", "param_desc") VALUES (11865554, 'text', 'OPENCLAW_BUNDLED_SKILLS', 'OpenClaw内置Skill清单', 'OPENCLAW_BUNDLED_SKILLS', '[
  {
    "skillName": "1password",
    "skillCode": "1password",
    "skillDescZh": "使用 1Password CLI 完成登录、与桌面端集成，以及读取或注入密钥。",
    "skillDescEn": "Set up and use 1Password CLI for sign-in, desktop integration, and reading or injecting secrets."
  },
  {
    "skillName": "apple-notes",
    "skillCode": "apple-notes",
    "skillDescZh": "在 macOS 上通过 memo CLI 创建、查看、编辑、删除、搜索、移动或导出 Apple 备忘录。",
    "skillDescEn": "Create, view, edit, delete, search, move, or export Apple Notes via the memo CLI on macOS."
  },
  {
    "skillName": "apple-reminders",
    "skillCode": "apple-reminders",
    "skillDescZh": "通过 remindctl 列出、添加、编辑、完成或删除 Apple 提醒事项与提醒列表。",
    "skillDescEn": "List, add, edit, complete, or delete Apple Reminders and reminder lists via remindctl."
  },
  {
    "skillName": "bear-notes",
    "skillCode": "bear-notes",
    "skillDescZh": "通过 grizzly CLI 创建、搜索与管理 Bear 笔记。",
    "skillDescEn": "Create, search, and manage Bear notes via grizzly CLI."
  },
  {
    "skillName": "blogwatcher",
    "skillCode": "blogwatcher",
    "skillDescZh": "使用 blogwatcher CLI 监控博客与 RSS/Atom 订阅更新。",
    "skillDescEn": "Monitor blogs and RSS/Atom feeds for updates using the blogwatcher CLI."
  },
  {
    "skillName": "blucli",
    "skillCode": "blucli",
    "skillDescZh": "BluOS 命令行工具 blu：设备发现、播放、分组与音量。",
    "skillDescEn": "BluOS CLI (blu) for discovery, playback, grouping, and volume."
  },
  {
    "skillName": "camsnap",
    "skillCode": "camsnap",
    "skillDescZh": "从 RTSP/ONVIF 摄像头截取画面或短片。",
    "skillDescEn": "Capture frames or clips from RTSP/ONVIF cameras."
  },
  {
    "skillName": "canvas",
    "skillCode": "canvas",
    "skillDescZh": "通过 canvas 工具在已连接的 OpenClaw 节点（Mac 应用、iOS、Android）上展示 HTML 内容。",
    "skillDescEn": "Display HTML content on connected OpenClaw nodes (Mac app, iOS, Android) via the canvas tool."
  },
  {
    "skillName": "clawhub",
    "skillCode": "clawhub",
    "skillDescZh": "使用 ClawHub CLI 与注册表搜索、安装、更新、同步或发布 Agent 技能。",
    "skillDescEn": "Search, install, update, sync, or publish agent skills with the ClawHub CLI and registry."
  },
  {
    "skillName": "coding-agent",
    "skillCode": "coding-agent",
    "skillDescZh": "通过立即后台进程将编码任务委托给 Codex、Claude Code、OpenCode 或 Pi。适用于：(1) 构建功能/应用；(2) 在临时克隆或 worktree 中审查 PR；(3) 大规模重构；(4) 需要浏览文件的迭代开发。不适用于：一行级小改（直接编辑）、仅读代码（使用读文件工具）、聊天中线程绑定的 ACP 请求（使用 sessions_spawn 且 runtime 为 acp）、或在 ~/clawd 工作区中的任何 spawn。所有 coding-agent 运行须立即以 background:true 启动。Claude Code：使用 --print --permission-mode bypassPermissions（无 PTY）。Codex/Pi/OpenCode：须 pty:true。完成通知须使用 openclaw message send，勿用系统事件或心跳。",
    "skillDescEn": "Delegate coding tasks to Codex, Claude Code, OpenCode, or Pi agents via immediate background processes. Use when: (1) building or creating features/apps, (2) reviewing PRs in a temp clone/worktree, (3) refactoring large codebases, (4) iterative coding that needs file exploration. NOT for: simple one-line fixes (just edit), reading code (use read tool), thread-bound ACP harness requests in chat (use sessions_spawn with runtime:\"acp\"), or any work in ~/clawd workspace (never spawn agents here). All coding-agent runs start with background:true immediately. Claude Code: use --print --permission-mode bypassPermissions (no PTY). Codex/Pi/OpenCode: pty:true required. Completion notification must use openclaw message send, not system event/heartbeat."
  },
  {
    "skillName": "discord",
    "skillCode": "discord",
    "skillDescZh": "通过消息工具执行 Discord 操作（channel=discord）。",
    "skillDescEn": "Discord ops via the message tool (channel=discord)."
  },
  {
    "skillName": "eightctl",
    "skillCode": "eightctl",
    "skillDescZh": "控制 Eight Sleep 智能床罩（状态、温度、闹钟、日程）。",
    "skillDescEn": "Control Eight Sleep pods (status, temperature, alarms, schedules)."
  },
  {
    "skillName": "gemini",
    "skillCode": "gemini",
    "skillDescZh": "Gemini CLI：一次性问答、摘要与生成。",
    "skillDescEn": "Gemini CLI for one-shot Q&A, summaries, and generation."
  },
  {
    "skillName": "gh-issues",
    "skillCode": "gh-issues",
    "skillDescZh": "获取 GitHub Issue、委托子代理修复、开启 PR、关注评审或执行 /gh-issues 工作流。",
    "skillDescEn": "Fetch GitHub issues, delegate fixes to subagents, open PRs, watch reviews, or run /gh-issues workflows."
  },
  {
    "skillName": "gifgrep",
    "skillCode": "gifgrep",
    "skillDescZh": "使用 CLI/TUI 搜索 GIF 提供商、下载结果并提取静帧或拼贴图。",
    "skillDescEn": "Search GIF providers with CLI/TUI, download results, and extract stills/sheets."
  },
  {
    "skillName": "github",
    "skillCode": "github",
    "skillDescZh": "使用 gh 处理 GitHub Issue、PR 状态、CI/日志、评论、评审、发布与 API 查询。",
    "skillDescEn": "Use gh for GitHub issues, PR status, CI/logs, comments, reviews, releases, and API queries."
  },
  {
    "skillName": "gog",
    "skillCode": "gog",
    "skillDescZh": "Google Workspace CLI：Gmail、日历、云端硬盘、通讯录、表格与文档。",
    "skillDescEn": "Google Workspace CLI for Gmail, Calendar, Drive, Contacts, Sheets, and Docs."
  },
  {
    "skillName": "goplaces",
    "skillCode": "goplaces",
    "skillDescZh": "通过 goplaces 查询 Google Places：文本搜索、地点详情、解析、评论或可脚本化 JSON。",
    "skillDescEn": "Query Google Places for text search, place details, resolve, reviews, or scriptable JSON via goplaces."
  },
  {
    "skillName": "healthcheck",
    "skillCode": "healthcheck",
    "skillDescZh": "审计并加固运行 OpenClaw 的主机：SSH、防火墙、更新、暴露面、cron 检查与风险态势。",
    "skillDescEn": "Audit and harden hosts running OpenClaw for SSH, firewall, updates, exposure, cron checks, and risk posture."
  },
  {
    "skillName": "himalaya",
    "skillCode": "himalaya",
    "skillDescZh": "使用 himalaya 列出、阅读、搜索、撰写、回复、转发并整理 IMAP/SMTP 邮件。",
    "skillDescEn": "Use himalaya to list, read, search, compose, reply, forward, and organize IMAP/SMTP email."
  },
  {
    "skillName": "imsg",
    "skillCode": "imsg",
    "skillDescZh": "iMessage/SMS CLI：列出聊天与历史，并通过「信息」应用发送消息。",
    "skillDescEn": "iMessage/SMS CLI for listing chats, history, and sending messages via Messages.app."
  },
  {
    "skillName": "mcporter",
    "skillCode": "mcporter",
    "skillDescZh": "通过 HTTP 或 stdio 使用 mcporter 列出、配置、鉴权、调用并检查 MCP 服务器与工具。",
    "skillDescEn": "List, configure, authenticate, call, and inspect MCP servers/tools with mcporter over HTTP or stdio."
  },
  {
    "skillName": "model-usage",
    "skillCode": "model-usage",
    "skillDescZh": "按模型汇总 Codex 或 Claude 的 CodexBar 本地费用日志，含当前或完整明细。",
    "skillDescEn": "Summarize CodexBar local cost logs by model for Codex or Claude, including current or full breakdowns."
  },
  {
    "skillName": "nano-pdf",
    "skillCode": "nano-pdf",
    "skillDescZh": "使用 nano-pdf CLI，用自然语言指令编辑 PDF。",
    "skillDescEn": "Edit PDFs with natural-language instructions using the nano-pdf CLI."
  },
  {
    "skillName": "node-connect",
    "skillCode": "node-connect",
    "skillDescZh": "诊断 OpenClaw Android、iOS 或 macOS 节点的配对、二维码/安装码、路由、鉴权与连接故障。",
    "skillDescEn": "Diagnose OpenClaw Android, iOS, or macOS node pairing, QR/setup code, route, auth, and connection failures."
  },
  {
    "skillName": "notion",
    "skillCode": "notion",
    "skillDescZh": "Notion API：创建与管理页面、数据库与块。",
    "skillDescEn": "Notion API for creating and managing pages, databases, and blocks."
  },
  {
    "skillName": "obsidian",
    "skillCode": "obsidian",
    "skillDescZh": "处理 Obsidian 库（纯 Markdown 笔记）并通过 obsidian-cli 自动化。",
    "skillDescEn": "Work with Obsidian vaults (plain Markdown notes) and automate via obsidian-cli."
  },
  {
    "skillName": "openai-whisper",
    "skillCode": "openai-whisper",
    "skillDescZh": "使用 Whisper CLI 在本地语音转文字（无需 API 密钥）。",
    "skillDescEn": "Local speech-to-text with the Whisper CLI (no API key)."
  },
  {
    "skillName": "openai-whisper-api",
    "skillCode": "openai-whisper-api",
    "skillDescZh": "通过 OpenAI 语音转写 API（Whisper）转录音频。",
    "skillDescEn": "Transcribe audio via OpenAI Audio Transcriptions API (Whisper)."
  },
  {
    "skillName": "openhue",
    "skillCode": "openhue",
    "skillDescZh": "通过 OpenHue CLI 控制飞利浦 Hue 灯光与场景。",
    "skillDescEn": "Control Philips Hue lights and scenes via the OpenHue CLI."
  },
  {
    "skillName": "oracle",
    "skillCode": "oracle",
    "skillDescZh": "使用 oracle CLI 打包提示词与文件，供第二模型进行调试、重构、设计或评审检查。",
    "skillDescEn": "Use oracle CLI to bundle prompts and files for second-model debugging, refactor, design, or review checks."
  },
  {
    "skillName": "ordercli",
    "skillCode": "ordercli",
    "skillDescZh": "仅支持 Foodora：查询历史订单与进行中的订单状态（Deliveroo 开发中）。",
    "skillDescEn": "Foodora-only CLI for checking past orders and active order status (Deliveroo WIP)."
  },
  {
    "skillName": "peekaboo",
    "skillCode": "peekaboo",
    "skillDescZh": "使用 Peekaboo CLI 截取并自动化 macOS 界面。",
    "skillDescEn": "Capture and automate macOS UI with the Peekaboo CLI."
  },
  {
    "skillName": "sag",
    "skillCode": "sag",
    "skillDescZh": "ElevenLabs 文字转语音，类 macOS say 的交互体验。",
    "skillDescEn": "ElevenLabs text-to-speech with mac-style say UX."
  },
  {
    "skillName": "session-logs",
    "skillCode": "session-logs",
    "skillDescZh": "使用 jq 搜索并分析本会话日志（较早或父级对话）。",
    "skillDescEn": "Search and analyze your own session logs (older/parent conversations) using jq."
  },
  {
    "skillName": "sherpa-onnx-tts",
    "skillCode": "sherpa-onnx-tts",
    "skillDescZh": "通过 sherpa-onnx 在本地文字转语音（离线、无云）。",
    "skillDescEn": "Local text-to-speech via sherpa-onnx (offline, no cloud)"
  },
  {
    "skillName": "skill-creator",
    "skillCode": "skill-creator",
    "skillDescZh": "创建、编辑、改进、整理、评审、审计或重构 AgentSkills 与 SKILL.md 文件。",
    "skillDescEn": "Create, edit, improve, tidy, review, audit, or restructure AgentSkills and SKILL.md files."
  },
  {
    "skillName": "slack",
    "skillCode": "slack",
    "skillDescZh": "使用 Slack 工具进行反应、置顶/取消置顶、发送、编辑、删除消息或获取成员信息。",
    "skillDescEn": "Use the Slack tool to react, pin/unpin, send, edit, delete messages, or fetch Slack member info."
  },
  {
    "skillName": "songsee",
    "skillCode": "songsee",
    "skillDescZh": "使用 songsee CLI 从音频生成频谱图与特征面板可视化。",
    "skillDescEn": "Generate spectrograms and feature-panel visualizations from audio with the songsee CLI."
  },
  {
    "skillName": "sonoscli",
    "skillCode": "sonoscli",
    "skillDescZh": "控制 Sonos 音箱：发现、状态、播放、音量、分组。",
    "skillDescEn": "Control Sonos speakers (discover/status/play/volume/group)."
  },
  {
    "skillName": "spotify-player",
    "skillCode": "spotify-player",
    "skillDescZh": "在终端通过 spogo（优先）或 spotify_player 进行 Spotify 播放与搜索。",
    "skillDescEn": "Terminal Spotify playback/search via spogo (preferred) or spotify_player."
  },
  {
    "skillName": "summarize",
    "skillCode": "summarize",
    "skillDescZh": "总结或转写 URL、YouTube/视频、播客、文章、字幕、PDF 与本地文件。",
    "skillDescEn": "Summarize or transcribe URLs, YouTube/videos, podcasts, articles, transcripts, PDFs, and local files."
  },
  {
    "skillName": "taskflow",
    "skillCode": "taskflow",
    "skillDescZh": "将多步离线任务协调为单一持久 TaskFlow 作业，含负责人上下文、状态、等待与子任务。",
    "skillDescEn": "Coordinate multi-step detached tasks as one durable TaskFlow job with owner context, state, waits, and child tasks."
  },
  {
    "skillName": "taskflow-inbox-triage",
    "skillCode": "taskflow-inbox-triage",
    "skillDescZh": "TaskFlow 示例模式：收件箱分流、意图路由、等待回复与后续摘要。",
    "skillDescEn": "Example TaskFlow pattern for inbox triage, intent routing, waiting on replies, and later summaries."
  },
  {
    "skillName": "things-mac",
    "skillCode": "things-mac",
    "skillDescZh": "在 macOS 上添加、更新、列出、搜索或查看 Things 3 待办、收件箱、今天、项目、区域与标签。",
    "skillDescEn": "Add, update, list, search, or inspect Things 3 todos, inbox, today, projects, areas, and tags on macOS."
  },
  {
    "skillName": "tmux",
    "skillCode": "tmux",
    "skillDescZh": "通过发送按键与抓取窗格输出远程控制 tmux 会话，以驱动交互式 CLI。",
    "skillDescEn": "Remote-control tmux sessions for interactive CLIs by sending keystrokes and scraping pane output."
  },
  {
    "skillName": "trello",
    "skillCode": "trello",
    "skillDescZh": "通过 Trello REST API 管理看板、列表与卡片。",
    "skillDescEn": "Manage Trello boards, lists, and cards via the Trello REST API."
  },
  {
    "skillName": "video-frames",
    "skillCode": "video-frames",
    "skillDescZh": "使用 ffmpeg 从视频提取帧或短视频片段。",
    "skillDescEn": "Extract frames or short clips from videos using ffmpeg."
  },
  {
    "skillName": "voice-call",
    "skillCode": "voice-call",
    "skillDescZh": "通过 OpenClaw voice-call 插件发起语音通话。",
    "skillDescEn": "Start voice calls via the OpenClaw voice-call plugin."
  },
  {
    "skillName": "wacli",
    "skillCode": "wacli",
    "skillDescZh": "通过 wacli 发送第三方 WhatsApp 消息或同步/搜索聊天记录（非日常活跃会话）。",
    "skillDescEn": "Send third-party WhatsApp messages or sync/search WhatsApp history via wacli, not normal active chats."
  },
  {
    "skillName": "weather",
    "skillCode": "weather",
    "skillDescZh": "获取指定地点或出行规划的当前天气、降雨、温度与预报。",
    "skillDescEn": "Get current weather, rain, temperature, and forecasts for locations or travel planning."
  },
  {
    "skillName": "xurl",
    "skillCode": "xurl",
    "skillDescZh": "使用 xurl 进行已认证的 X API 发帖、回复、搜索、私信、媒体上传、关注者或原始 v2 调用。",
    "skillDescEn": "Use xurl for authenticated X API posts, replies, search, DMs, media upload, followers, or raw v2 calls."
  },
  {
    "skillName": "dws",
    "skillCode": "dws",
    "skillDescZh": "仅通过 dws CLI 操作钉钉产品：AI 表格、日历、通讯录、群与机器人、待办、OA 审批、考勤、日志、DING、开放文档、钉钉文档、云盘、AI 听记、邮箱等；始终使用 --format json；参数以 dws schema 与 --help 为准；鉴权异常时执行 dws auth login --device。",
    "skillDescEn": "Use dws for DingTalk product operations via CLI only: AI tables, calendar, contacts, groups and bots, todos, OA approval, attendance, reports, DING, dev docs, DingTalk docs, drive, AI minutes, mail; always --format json, use dws schema/--help for params, and on auth errors run dws auth login --device."
  }
]', 'OpenClaw 仓库 skills/ 目录下内置（随安装分发）的 Agent Skill 元数据 JSON 数组');





INSERT INTO byai_system_config_list (param_id,param_group_code,param_group_name,param_name,param_en_name,param_value,param_desc,param_seq) VALUES
	 (79,'TERMINAL','PC端','PC端','PC端','PC','PC端',7),
	 (80,'TERMINAL','APP端','APP端','APP端','APP','APP端',7),
	 (70,'TEMPLATE_TYPE','企业问答','企业问答','enterprise_qa','enterprise_qa','企业问答',1),
	 (71,'TEMPLATE_TYPE','高效工作','高效工作','efficient_work','efficient_work','高效工作',2),
	 (72,'TEMPLATE_TYPE','办公写作','办公写作','office_writing','office_writing','办公写作',3),
	 (73,'TEMPLATE_TYPE','ESG','ESG','esg','esg','ESG',4),
	 (74,'TEMPLATE_TYPE','数据分析','数据分析','data_analysis','data_analysis','数据分析',5);
INSERT INTO byai_system_config_list (param_id,param_group_code,param_group_name,param_name,param_en_name,param_value,param_desc,param_seq) VALUES
	 (75,'TEMPLATE_TYPE','调研报告','调研报告','research_report','research_report','调研报告',6),
	 (76,'TEMPLATE_TYPE','市场分析','市场分析','market_analysis','market_analysis','市场分析',7),
	 (77,'TEMPLATE_TYPE','其他','其他','other','other','其他',8),
	 (78,'TERMINAL','全端','全端','全端','ALL','全端',7),
	 (120,'ACHIEVEMENT_SPACE_TYPE','成果空间类型','全部','Quick Create','all','成果空间类型',1),
	 (121,'ACHIEVEMENT_SPACE_TYPE','成果空间类型','文稿','Bot','text','成果空间类型',2),
	 (122,'ACHIEVEMENT_SPACE_TYPE','成果空间类型','PPT','Dify','ppt','成果空间类型',3);
INSERT INTO byai_system_config_list (param_id,param_group_code,param_group_name,param_name,param_en_name,param_value,param_desc,param_seq) VALUES
	 (123,'ACHIEVEMENT_SPACE_TYPE','成果空间类型','Excel','Bot','excel','成果空间类型',4),
	 (124,'ACHIEVEMENT_SPACE_TYPE','成果空间类型','图片','Quick Create','image','成果空间类型',7),
	 (125,'ACHIEVEMENT_SPACE_TYPE','成果空间类型','pdf','Bot','pdf','成果空间类型',5),
	 (126,'ACHIEVEMENT_SPACE_TYPE','成果空间类型','md','Dify','md','成果空间类型',6),
	 (127,'ACHIEVEMENT_SPACE_TYPE','成果空间类型','其他文件','Quick Create','other','成果空间类型',8),
	 (128,'ACHIEVEMENT_SPACE_TYPE','成果空间类型','对话记录','Dify','chat','成果空间类型',9),
	 (129,'ACHIEVEMENT_SPACE_TYPE','成果空间类型','录音纪要','Dify','record','成果空间类型',10),
	 (203,'FEEDBACK','反馈类型','答案不准确','','ANS_INACCURATE','未解决问题答案不准确（界面反馈展示用，约定人张志豪）',1),
	 (204,'FEEDBACK','反馈类型','找错人','','WRONG_PERSON','未解决问题找错人（界面反馈展示用，约定人张志豪）',2);
INSERT INTO byai_system_config_list (param_id,param_group_code,param_group_name,param_name,param_en_name,param_value,param_desc,param_seq) VALUES
	 (10847520,'USER_TYPE','百应管理后台默认角色','平台管理','PLAT_MAN','PLAT_MAN','新增用户时角色可选列表取值-平台管理（约定人何杜明）',1),
	 (10847521,'USER_TYPE','百应管理后台默认角色','组织管理','ORG_MAN','ORG_MAN','新增用户时角色可选列表取值-组织管理（约定人何杜明）',2),
	 (10847522,'USER_TYPE','百应管理后台默认角色','业务管理','BUSINESS_MAN','BUSINESS_MAN','新增用户时角色可选列表取值-业务管理（约定人何杜明）',3),
	 (10847523,'USER_TYPE','百应管理后台默认角色','普通员工','ORD_USER','ORD_USER','新增用户时角色可选列表取值-普通用户（约定人何杜明）',4),
	 (10847524,'USER_TYPE','百应管理后台默认角色','平台运维','PLAT_DEVOPS','PLAT_DEVOPS','新增用户时角色可选列表取值-平台运维（约定人何杜明）',5),
	 (10847525,'USER_TYPE','百应管理后台默认角色','技术开发','DEV_USER','DEV_USER','使用平台开发智能体、工具、知识、和数字员工',6),
	 (205,'FEEDBACK','反馈类型','其他','','FEED_OTHER','未解决问题其他（界面反馈展示用，约定人张志豪）',3),
	 (10823884,'DEVELOP_TOOL_DIG_EMPLOYEE','集成开发工具','快速创建','Quick Create','BYAI','百应门户数字员工快速创建入口',1);
INSERT INTO byai_system_config_list (param_id,param_group_code,param_group_name,param_name,param_en_name,param_value,param_desc,param_seq) VALUES
	 (10823885,'DEVELOP_TOOL_DIG_EMPLOYEE','集成开发工具','博特','Bot','BOTE','百应门户数字员工快速创建入口',2),
	 (10823886,'DEVELOP_TOOL_DIG_EMPLOYEE','集成开发工具','Dify','Dify','DIFY','百应门户数字员工快速创建入口',3),
	 (10023084,'DIG_EMPLOYEE_MACHINE_CHANNEL','数字员工渠道','钉钉','DingTalk','DingTalk','钉钉',1);
INSERT INTO byai_system_config_list (param_id,param_group_code,param_group_name,param_name,param_en_name,param_value,param_desc,param_seq) VALUES
	 (10035633,'MODEL_TAGS','模型打标','ByClaw','BY_CLAW','2','ByClaw使用',3),
	 (10035634,'MODEL_TAGS','模型打标','默认对话模型','DEFAULT_CHAT_MODEL','1','默认对话模型',1),
	 (10035636,'MODEL_TAGS','模型打标','对话模型','CHAT_MODEL','3','对话模型',2),
	 (10035637,'MODEL_TAGS','模型打标','DataCloud','DATA_CLOUD','5','DataCloud使用',4),
	 (10035638,'MODEL_TAGS','模型打标','QA','QA','6','qa使用',6);




-- 初始化模型表
INSERT INTO byai_aimodel (model_id,model_type,model_name,model_no,url,ori_url,auth_token,status,is_support_chart,is_deepthink,max_content_token,in_params,create_by,create_time,inparam_template) VALUES
	 (-2000,'LLM','glm-5-turbo','glm-5-turbo','https://请用户替换',NULL,'请用户替换','OOA','0',NULL,128000,'{"connectTimeoutSec":32,"headers":[{"value":"","key":""}],"readTimeoutSec":60,"topP":0.9,"abilities":["1","3"],"presencePenalty":0.0,"maxRetries":3,"temperature":0.7,"maxTokens":1024,"retryIntervalSec":1,"frequencyPenalty":0.0,"providerName":"OpenAI","updatedAt":"2026-04-17T11:20:58Z"}',10005,'2025-05-27 13:16:26.647',NULL),
	 (-2001,'EMBEDDING','text-embedding-3-small','text-embedding-3-small','https://请用户替换',NULL,'请用户替换','OOA',NULL,NULL,128000,'{"connectTimeoutSec":32,"headers":[{"value":"","key":""}],"presencePenalty":0.0,"maxRetries":3,"temperature":0.7,"maxTokens":1024,"retryIntervalSec":1,"readTimeoutSec":60,"topP":0.9,"frequencyPenalty":0.0,"updatedAt":"2026-04-17T11:03:55Z","dimensions": 1536,"maxBatchSize": 10}',NULL,'2026-04-17 09:13:32.165',NULL);

INSERT INTO byai_tag_relation (relation_id,tag_id,obj_id,obj_type,create_time,creator_by,obj_code) VALUES
	 (10035710,1,-2000,'AI_MODEL','2026-04-17 11:20:59.283',NULL,NULL);
INSERT INTO byai.byai_tag_relation (relation_id,tag_id,obj_id,obj_type,create_time,creator_by,obj_code) VALUES
	 (10000282,3,-2000,'AI_MODEL','2026-04-30 16:19:52.235',NULL,NULL),
	 (10000283,5,-2000,'AI_MODEL','2026-04-30 16:19:52.235',NULL,NULL),
	 (10000284,6,-2000,'AI_MODEL','2026-04-30 16:19:52.235',NULL,NULL);

-- 初始化沙箱服务表
INSERT INTO "byai"."sandbox_service_spec" ("service_key", "spec_json", "template_json", "updated_at") VALUES ('openclaw', '{"env": {"TZ": "Asia/Shanghai", "MODEL_ID": "${MODEL_ID}", "NODE_ENV": "production", "USER_CODE": "${user_code}", "MODEL_NAME": "${MODEL_NAME}", "REDIS_HOST": "${REDIS_HOST}", "REDIS_PORT": "${REDIS_PORT}", "MODEL_ALIAS": "${MODEL_ALIAS}", "OPENCLAW_TZ": "Asia/Shanghai", "BEYOND_TOKEN": "${BEYOND_TOKEN}", "NODE_OPTIONS": "--max-old-space-size=4096", "MODEL_API_KEY": "${MODEL_API_KEY}", "DWS_CONFIG_DIR": "/by/.openclaw/.dws", "MODEL_BASE_URL": "${MODEL_BASE_URL}", "REDIS_DATABASE": "${REDIS_DATABASE}", "REDIS_PASSWORD": "${REDIS_PASSWORD}", "REDIS_USERNAME": "${REDIS_USERNAME}", "BAIYING_SESSION": "${BAIYING_SESSION}", "BAIYING_AGENT_AUTH": "${BAIYING_AGENT_AUTH}", "OPENCLAW_STATE_DIR": "/by/.openclaw", "OPENCLAW_GATEWAY_TOKEN": "${OPENCLAW_GATEWAY_TOKEN}", "FILE_STORAGE_MINIO_MOUNT_PATH": "${FILE_STORAGE_MINIO_MOUNT_PATH}"}, "image": "ghcr.io/beyonai/byclaw-middleware/byclaw-openclaw:main", "ports": [{"port": 8080, "protocol": "http"}, {"port": 8081, "protocol": "http"}, {"port": 9222, "protocol": "http"}, {"port": 5901, "protocol": "http"}, {"port": 18789, "protocol": "http"}], "startup": {"entrypoint": ["node", "dist/index.js", "gateway", "--bind=lan", "--port=8080", "--allow-unconfigured", "--verbose"]}, "volumes": [{"key": "base", "scope": "PRIVATE", "subPath": "byclaw-${user_code}/by", "hostPath": "${FILE_STORAGE_MINIO_MOUNT_PATH}", "readOnly": false, "mountPath": "/by"}, {"scope": "PUBLIC", "subPath": "byclaw/resource", "hostPath": "${FILE_STORAGE_MINIO_MOUNT_PATH}", "readOnly": false, "mountPath": "/by/.openclaw/byresources"}], "bootstrap": {"copyTemplate": {"copyIfMissing": true, "targetVolumeKey": "base"}}, "resourceLimits": {"cpu": "2", "memory": "4Gi"}}', '{
    "meta": {
        "lastTouchedAt": "2026-03-27T08:46:51.148Z",
        "lastTouchedVersion": "2026.3.28"
    },
    "hooks": {
        "internal": {
            "enabled": true,
            "entries": {
                "boot-md": {
                    "enabled": false
                },
                "session-memory": {
                    "enabled": true
                }
            }
        }
    },
    "tools": {
        "web": {
            "search": {
                "enabled": false
            }
        },
        "profile": "full"
    },
    "agents": {
        "list": [
            {
                "id": "main",
                "default": true,
                "skills": [

                ],
                "workspace": "${OPENCLAW_STATE_DIR}/workspace"
            }
        ],
        "defaults": {
            "model": {
                "primary": "iwhalecloud/${MODEL_ID} "
            },
            "models": {
                "iwhalecloud/glm-5-turbo": {
                    "alias": "${MODEL_ALIAS}"
                }
            },
            "subagents": {
                "maxConcurrent": 8
            },
            "compaction": {
                "mode": "safeguard"
            },
            "maxConcurrent": 4,
            "verboseDefault": "full",
            "embeddedHarness": {
                "runtime": "skip-prewarm",
                "fallback": "pi"
            },
            "thinkingDefault": "high",
            "blockStreamingBreak": "text_end",
            "blockStreamingDefault": "on"
        }
    },
    "models": {
        "providers": {
            "iwhalecloud": {
                "api": "openai-completions",
                "apiKey": "${MODEL_API_KEY}",
                "models": [
                    {
                        "id": "${MODEL_ID}",
                        "cost": {
                            "input": 0,
                            "output": 0,
                            "cacheRead": 0,
                            "cacheWrite": 0
                        },
                        "name": "${MODEL_NAME}",
                        "input": [
                            "text"
                        ],
                        "maxTokens": 8192,
                        "reasoning": true,
                        "contextWindow": 128000
                    }
                ],
                "baseUrl": "${MODEL_BASE_URL}"
            }
        }
    },
    "skills": {
        "load": {
            "watch": true,
            "watchDebounceMs": 5000
        },
        "install": {
            "nodeManager": "pnpm"
        }
    },
    "wizard": {
        "lastRunAt": "2026-02-03T07:41:55.092Z",
        "lastRunMode": "local",
        "lastRunCommand": "configure",
        "lastRunVersion": "2026.1.30"
    },
    "gateway": {
        "auth": {
            "mode": "token",
            "token": "${OPENCLAW_GATEWAY_TOKEN}"
        },
        "bind": "lan",
        "mode": "local",
        "port": 18789,
        "controlUi": {
            "allowedOrigins": [
                "*"
            ],
            "allowInsecureAuth": true,
            "dangerouslyDisableDeviceAuth": true,
            "dangerouslyAllowHostHeaderOriginFallback": true
        },
        "tailscale": {
            "mode": "off",
            "resetOnExit": false
        }
    },
    "plugins": {
        "load": {
            "paths": [
                "/app/extensions/baiying-enhance",
                "/app/extensions/byai-channel",
                "/app/extensions/byclaw-sqlite"
            ]
        },
        "allow": [
            "byai-channel",
            "baiying-enhance"
        ],
        "enabled": true,
        "entries": {
            "xai": {
                "enabled": false
            },
            "byai-channel": {
                "enabled": true
            },
            "baiying-enhance": {
                "config": {
                    "agentConfigDir": "/by/.openclaw/byresources/dig_employee",
                    "watchDebounceMs": 500,
                    "mainParentAgentId": "main",
                    "workspaceAutoSeed": true,
                    "embedApiKeysFromJson": true,
                    "executorResourcesDir": "/by/.openclaw/byresources",
                    "mergeAllowSpawnForMain": true
                },
                "enabled": true
            }
        }
    },
    "channels": {
        "byai-channel": {
            "enabled": true,
            "dmPolicy": "open",
            "allowFrom": [
                "*"
            ],
            "webhookPath": "/webhook/byai-channel",
            "streamEnabled": true,
            "blockStreaming": true,
            "sessionKeyPerSessionId": true
        }
    },
    "commands": {
        "native": "auto",
        "restart": true,
        "nativeSkills": "auto",
        "ownerDisplay": "raw"
    }
}', '2026-04-08 07:57:03.636');


-- 初始化趋势图查询语句
INSERT INTO query_config (query_id, query_code, "name", sql_template, dimension_fields, measure_fields, condition_fields, status, created_time, updated_time, created_by, description, query_type, query_method, db_type) VALUES(3, 'USER_STATICS', '用户登录和对话统计', 'WITH login_data AS (
  SELECT 
    TO_CHAR(login_time, ''YYYY-MM-DD'') AS time,
    COUNT(1) AS loginCount
  FROM po_login_log 
  WHERE status = 0 
  and login_time >= ${start_time}
  and login_time <= ${end_time}
  GROUP BY time
),
chat_data AS (
  SELECT 
    TO_CHAR(create_time, ''YYYY-MM-DD'') AS time,
    COUNT(1) AS chatCount
  FROM byai_session_member 
  WHERE mem_obj_type = ''USER'' 
  and create_time >= ${start_time}
  and create_time <= ${end_time}
  GROUP BY time
)
SELECT 
  COALESCE(l.time, c.time) AS time,
  COALESCE(l.loginCount, 0) AS login_count,
  COALESCE(c.chatCount, 0) AS chat_count
FROM login_data l
FULL JOIN chat_data c 
  ON l.time = c.time
ORDER BY time ASC', 'time', 'login_count,chat_count', 'start_time,end_time', 1, '2025-11-21 15:52:43.941', '2025-11-21 15:52:43.941', NULL, NULL, NULL, 'DB', 'POSTGRESQL');

INSERT INTO query_config (query_id, query_code, "name", sql_template, dimension_fields, measure_fields, condition_fields, status, created_time, updated_time, created_by, description, query_type, query_method, db_type) VALUES(7, 'ACTIVITY_TOP_ORG_LEVEL3', '三级组织活跃度top10', 'WITH current_period_data AS (
    SELECT 
        org3.org_id,
        org3.org_name,
        COUNT(1) AS total_chat_cnt,
        COUNT(DISTINCT a.mem_obj_id) AS active_user_cnt
    FROM byai_session_member a
    LEFT JOIN po_users_organization b 
        ON a.mem_obj_id = b.user_id
    LEFT JOIN po_organization user_org 
        ON b.org_id = user_org.org_id
    LEFT JOIN po_organization org3 
        ON org3.org_level = 2
        AND org3.org_id = substring(
            user_org.path_code,
            ''^(?:[^.]+.){3}([^.]+)''
        )
    WHERE org3.org_id IS NOT NULL
      AND a.create_time >= ${start_time}::TIMESTAMP
      AND a.create_time <= ${end_time}::TIMESTAMP
    GROUP BY org3.org_id, org3.org_name
    ORDER BY total_chat_cnt DESC
    LIMIT 10
),
previous_period_data AS (
    SELECT 
        org3.org_id,
        org3.org_name,
        COUNT(1) AS prev_total_chat_cnt,
        COUNT(DISTINCT a.mem_obj_id) AS prev_active_user_cnt
    FROM byai_session_member a
    LEFT JOIN po_users_organization b 
        ON a.mem_obj_id = b.user_id
    LEFT JOIN po_organization user_org 
        ON b.org_id = user_org.org_id
    LEFT JOIN po_organization org3 
        ON org3.org_level = 2
        AND org3.org_id = substring(
            user_org.path_code,
            ''^(?:[^.]+.){3}([^.]+)''
        )
    WHERE org3.org_id IS NOT NULL
      AND a.create_time >= CASE ${period_type}
          WHEN ''week'' THEN ${start_time}::TIMESTAMP - INTERVAL ''1 week''
          WHEN ''month'' THEN ${start_time}::TIMESTAMP - INTERVAL ''1 month''
      END
      AND a.create_time <= CASE ${period_type}
          WHEN ''week'' THEN ${end_time}::TIMESTAMP - INTERVAL ''1 week''
          WHEN ''month'' THEN ${end_time}::TIMESTAMP - INTERVAL ''1 month''
      END
      AND org3.org_id IN (SELECT org_id FROM current_period_data)
    GROUP BY org3.org_id, org3.org_name
)
SELECT 
    COALESCE(cpd.org_name, ppd.org_name) AS three_level_org_name,
    COALESCE(cpd.total_chat_cnt, 0) AS current_total_chat_cnt,
    COALESCE(cpd.active_user_cnt, 0) AS current_active_user_cnt,
    COALESCE(ppd.prev_total_chat_cnt, 0) AS prev_total_chat_cnt,
    COALESCE(ppd.prev_active_user_cnt, 0) AS prev_active_user_cnt,
    CASE 
        WHEN COALESCE(ppd.prev_total_chat_cnt, 0) = 0 THEN
            NULL
        ELSE
            ROUND(
                (COALESCE(cpd.total_chat_cnt, 0) - COALESCE(ppd.prev_total_chat_cnt, 0)) * 100.0 /
                COALESCE(ppd.prev_total_chat_cnt, 0),
                2
            )
    END AS chat_cnt_growth_rate,
    CASE 
        WHEN COALESCE(ppd.prev_active_user_cnt, 0) = 0 THEN
            NULL
        ELSE
            ROUND(
                (COALESCE(cpd.active_user_cnt, 0) - COALESCE(ppd.prev_active_user_cnt, 0)) * 100.0 /
                COALESCE(ppd.prev_active_user_cnt, 0),
                2
            )
    END AS active_user_growth_rate
FROM current_period_data cpd
FULL OUTER JOIN previous_period_data ppd
    ON cpd.org_id = ppd.org_id
ORDER BY cpd.total_chat_cnt DESC NULLS LAST limit 10;', 'three_level_org_name', 'current_total_chat_cnt,active_user_growth_rate,current_total_chat_cnt,chat_cnt_growth_rate', 'start_time,end_time,period_type', 1, '2025-11-24 14:45:55.341', '2025-11-24 14:45:55.341', NULL, NULL, NULL, 'DB', 'POSTGRESQL');

INSERT INTO query_config (query_id, query_code, "name", sql_template, dimension_fields, measure_fields, condition_fields, status, created_time, updated_time, created_by, description, query_type, query_method, db_type) VALUES(1, 'DIG_EMPLOYEE_SERVICE_TOP', '数字员工服务统计', 'WITH current_data AS (
    SELECT 
        CAST(b.resource_id AS VARCHAR) AS resource_id, 
        b.resource_name,
        b.avatar,
        sum(a.request_count) AS curCnt
    FROM byai_session_member a 
    INNER JOIN ss_resource b 
        ON a.mem_obj_id = b.resource_id
    LEFT JOIN ss_res_ext_dig_employee c
        ON a.mem_obj_id = c.resource_id 
    WHERE a.mem_obj_type = ''AGENT'' AND c.integration_type <> ''PAGE''    
      AND a.create_time >= ${start_time}::TIMESTAMP
      AND a.create_time <= ${end_time}::TIMESTAMP
    GROUP BY b.resource_id, b.resource_name, b.avatar
    
    UNION ALL 
    
    select 
        CAST(temp_table.resource_id AS VARCHAR) AS resource_id,
        temp_table.resource_name,
        temp_table.avatar,
        temp_table.curCnt
    from 
    (select 
        b.resource_id,
        b.resource_name,
        b.avatar,
        btl.object_id,
        count(1) as curCnt
    from byai_track_log btl
    inner join ss_resource b
    on btl.object_id = b.resource_id
    LEFT JOIN ss_res_ext_dig_employee c
        ON btl.object_id = c.resource_id 
    where btl.object_type = ''DIG_EMPLOYEE'' 
    and c.integration_type = ''PAGE''
    AND btl.create_time >= ${start_time}::TIMESTAMP
    AND btl.create_time <= ${end_time}::TIMESTAMP
      
    GROUP BY b.resource_id, b.resource_name, b.avatar, btl.object_id) as temp_table
),
previous_data AS (
    
    SELECT 
        CAST(b.resource_id AS VARCHAR) AS resource_id, 
        b.resource_name,
        b.avatar,
        sum(a.request_count) AS preCnt
    FROM byai_session_member a 
    INNER JOIN ss_resource b 
        ON a.mem_obj_id = b.resource_id
    LEFT JOIN ss_res_ext_dig_employee c
        ON a.mem_obj_id = c.resource_id 
    WHERE a.mem_obj_type = ''AGENT'' 
      AND c.integration_type <> ''PAGE''
      AND a.create_time >= CASE ${period_type}
          WHEN ''day'' THEN ${start_time}::TIMESTAMP - INTERVAL ''1 day''
          WHEN ''week'' THEN ${start_time}::TIMESTAMP - INTERVAL ''1 week''
          WHEN ''month'' THEN ${start_time}::TIMESTAMP - INTERVAL ''1 month''
      END
      AND a.create_time <= CASE ${period_type}
          WHEN ''day'' THEN ${end_time}::TIMESTAMP - INTERVAL ''1 day''
          WHEN ''week'' THEN ${end_time}::TIMESTAMP - INTERVAL ''1 week''
          WHEN ''month'' THEN ${end_time}::TIMESTAMP - INTERVAL ''1 month''
      END
    GROUP BY b.resource_id, b.resource_name, b.avatar
    
    UNION ALL 
    
    select 
        CAST(temp_table.resource_id AS VARCHAR) AS resource_id, 
        temp_table.resource_name,
        temp_table.avatar,
        temp_table.preCnt
    from 
    (select 
        b.resource_id,
        b.resource_name,
        b.avatar,
        btl.object_id,
        count(1) as preCnt
    from byai_track_log btl
    inner join ss_resource b
    on btl.object_id = b.resource_id
    LEFT JOIN ss_res_ext_dig_employee c
        ON btl.object_id = c.resource_id 
    where btl.object_type = ''DIG_EMPLOYEE'' 
    and c.integration_type = ''PAGE''
    AND btl.create_time >= CASE ${period_type}
        WHEN ''day'' THEN ${start_time}::TIMESTAMP - INTERVAL ''1 day''
        WHEN ''week'' THEN ${start_time}::TIMESTAMP - INTERVAL ''1 week''
        WHEN ''month'' THEN ${start_time}::TIMESTAMP - INTERVAL ''1 month''
    END
    AND btl.create_time <= CASE ${period_type}
        WHEN ''day'' THEN ${end_time}::TIMESTAMP - INTERVAL ''1 day''
        WHEN ''week'' THEN ${end_time}::TIMESTAMP - INTERVAL ''1 week''
        WHEN ''month'' THEN ${end_time}::TIMESTAMP - INTERVAL ''1 month''
    END
    GROUP BY b.resource_id, b.resource_name, b.avatar, btl.object_id) as temp_table
)
SELECT 
    COALESCE(cd.resource_id, pd.resource_id) AS resource_id,
    COALESCE(cd.resource_name, pd.resource_name) AS resource_name,
    COALESCE(cd.curCnt, 0) AS current_service_count,
    COALESCE(pd.preCnt, 0) AS previous_service_count,
    COALESCE(cd.avatar, '''') AS avatar,
    CASE 
        WHEN COALESCE(pd.preCnt, 0) = 0 THEN 
            NULL
        ELSE 
            ROUND(
                (COALESCE(cd.curCnt, 0) - COALESCE(pd.preCnt, 0)) * 100.0 / 
                COALESCE(pd.preCnt, 0), 
                2
            )
    END AS growth_rate,
    CASE ${period_type}
        WHEN ''day'' THEN ''日环比''
        WHEN ''week'' THEN ''周环比'' 
        WHEN ''month'' THEN ''月环比''
    END AS period_type_name
FROM current_data cd
FULL OUTER JOIN previous_data pd 
    ON cd.resource_id = pd.resource_id 
    AND cd.resource_name = pd.resource_name
ORDER BY current_service_count DESC
limit 10;', 'resource_id,resource_name,period_type', 'current_service_count,growth_rate', 'start_time,end_time,period_type', 1, '2025-11-20 17:01:32.553', '2025-11-20 17:01:32.553', NULL, NULL, NULL, 'DB', 'POSTGRESQL');

INSERT INTO query_config (query_id, query_code, "name", sql_template, dimension_fields, measure_fields, condition_fields, status, created_time, updated_time, created_by, description, query_type, query_method, db_type) VALUES(5, 'DIG_EMPLOYEE_QUALITY_DETAIL', '数字员工规范校验质量明细', 'SELECT 
    b.resource_name,
    b.resource_id,
    b.avatar,
    c.user_name, 
    a.target_quality AS score, 
    a.quality_description AS "desc",
    COALESCE(
        (SELECT STRING_AGG(pu.user_name, '','')
         FROM po_users pu
         WHERE pu.user_id IN (
             SELECT apg.grant_to_obj_id
             FROM au_privilege_grant apg
             WHERE apg.grant_to_obj_type = ''USER''
               AND apg.grant_type = ''ALLOW_MANAGE''
               AND apg.grant_obj_id = a.agent_id
         )),
        ''''
    ) AS man_user_name 
FROM byai_monitor_target a
INNER JOIN ss_resource b 
    ON a.agent_id = b.resource_id
LEFT JOIN po_users c  
    ON b.create_by = c.user_id
WHERE b.resource_status = 2
ORDER BY a.target_quality ASC, b.shelf_time DESC', '', 'resource_name,user_name,score,desc,avatar', 'page_size,page_index', 1, '2025-11-24 11:08:01.029', '2025-11-24 11:08:01.029', NULL, NULL, NULL, 'DB', 'POSTGRESQL');

INSERT INTO query_config (query_id, query_code, "name", sql_template, dimension_fields, measure_fields, condition_fields, status, created_time, updated_time, created_by, description, query_type, query_method, db_type) VALUES(2, 'DIG_EMPLOYEE_SUBSCRIBE_TOP', '数字员工订阅统计', 'WITH current_period_data AS (
    SELECT 
        CAST(b.resource_id AS VARCHAR) AS resource_id, 
        b.resource_name,
        b.avatar,
        COUNT(1) AS focus_count
    FROM au_privilege_grant a 
    JOIN ss_resource b ON a.grant_obj_id = b.resource_id
    WHERE grant_type = ''AVAILABLE_USE''
      AND grant_to_obj_type = ''USER''
      AND grant_obj_type = ''DIG_EMPLOYEE''
      AND a.create_date >= ${start_time}
      AND a.create_date <= ${end_time}
    GROUP BY b.resource_id, b.resource_name, b.avatar
),
previous_period_data AS (
    SELECT 
        CAST(b.resource_id AS VARCHAR) AS resource_id, 
        b.resource_name,
        b.avatar,
        COUNT(1) AS previous_focus_count
    FROM au_privilege_grant a 
    JOIN ss_resource b ON a.grant_obj_id = b.resource_id
    WHERE grant_type = ''AVAILABLE_USE''
      AND grant_to_obj_type = ''USER''
      AND grant_obj_type = ''DIG_EMPLOYEE''
      AND a.create_date >= 
          CASE ${period_type}
              WHEN ''day'' THEN ${start_time}::TIMESTAMP - INTERVAL ''1 day''
              WHEN ''week'' THEN ${start_time}::TIMESTAMP - INTERVAL ''1 week''
              WHEN ''month'' THEN ${start_time}::TIMESTAMP - INTERVAL ''1 month''
          END
      AND a.create_date <= 
          CASE ${period_type}
              WHEN ''day'' THEN ${end_time}::TIMESTAMP - INTERVAL ''1 day''
              WHEN ''week'' THEN ${end_time}::TIMESTAMP - INTERVAL ''1 week''
              WHEN ''month'' THEN ${end_time}::TIMESTAMP - INTERVAL ''1 month''
          END
    GROUP BY b.resource_id, b.resource_name, b.avatar
)
SELECT 
    COALESCE(cpd.resource_id, ppd.resource_id) AS resource_id, 
    COALESCE(cpd.resource_name, ppd.resource_name) AS resource_name,
    COALESCE(cpd.avatar, '''') AS avatar,
    COALESCE(cpd.focus_count, 0) AS focus_count,
    COALESCE(ppd.previous_focus_count, 0) AS previous_focus_count,
    CASE 
        WHEN COALESCE(ppd.previous_focus_count, 0) = 0 THEN 
            NULL
        ELSE 
            ROUND(
                (COALESCE(cpd.focus_count, 0) - COALESCE(ppd.previous_focus_count, 0)) * 100.0 / 
                COALESCE(ppd.previous_focus_count, 0), 
                2
            )
    END AS growth_rate,
    CASE ${period_type}
        WHEN ''day'' THEN ''日环比''
        WHEN ''week'' THEN ''周环比'' 
        WHEN ''month'' THEN ''月环比''
    END AS period_type_name
FROM current_period_data cpd
FULL OUTER JOIN previous_period_data ppd 
    ON cpd.resource_id = ppd.resource_id 
    AND cpd.resource_name = ppd.resource_name
ORDER BY focus_count DESC
LIMIT 10;', 'resource_id,resource_name,period_type', 'focus_count,growth_rate', 'start_time,end_time,period_type', 1, '2025-11-20 17:34:07.061', '2025-11-20 17:34:07.061', NULL, NULL, NULL, 'DB', 'POSTGRESQL');

INSERT INTO query_config (query_id, query_code, "name", sql_template, dimension_fields, measure_fields, condition_fields, status, created_time, updated_time, created_by, description, query_type, query_method, db_type) VALUES(6, 'ACTIVITY_TOP_USER', '员工活跃度TOP10', 'WITH current_period_data AS (
    SELECT 
        a.mem_obj_id AS user_id,
        b.user_name,
        COUNT(1) AS chat_cnt
    FROM byai_session_member a
    JOIN po_users b ON a.mem_obj_id = b.user_id
    WHERE a.mem_obj_type = ''USER''
      AND a.create_time >= ${start_time}::TIMESTAMP
      AND a.create_time <= ${end_time}::TIMESTAMP
    GROUP BY a.mem_obj_id, b.user_name
    ORDER BY chat_cnt DESC
    LIMIT 10
),
previous_period_data AS (
    SELECT 
        a.mem_obj_id AS user_id,
        b.user_name,
        COUNT(1) AS previous_chat_cnt
    FROM byai_session_member a
    JOIN po_users b ON a.mem_obj_id = b.user_id
    WHERE a.mem_obj_type = ''USER''
      AND a.create_time >= CASE ${period_type}
          WHEN ''week'' THEN ${start_time}::TIMESTAMP - INTERVAL ''1 week''
          WHEN ''month'' THEN ${start_time}::TIMESTAMP - INTERVAL ''1 month''
      END
      AND a.create_time <= CASE ${period_type}
          WHEN ''week'' THEN ${end_time}::TIMESTAMP - INTERVAL ''1 week''
          WHEN ''month'' THEN ${end_time}::TIMESTAMP - INTERVAL ''1 month''
      END
    GROUP BY a.mem_obj_id, b.user_name
)
SELECT 
    COALESCE(cpd.user_name, ppd.user_name) AS user_name,
    COALESCE(cpd.chat_cnt, 0) AS current_chat_cnt,
    COALESCE(ppd.previous_chat_cnt, 0) AS previous_chat_cnt,
    CASE 
        WHEN COALESCE(ppd.previous_chat_cnt, 0) = 0 THEN
            NULL
        ELSE
            ROUND(
                (COALESCE(cpd.chat_cnt, 0) - COALESCE(ppd.previous_chat_cnt, 0)) * 100.0 /
                COALESCE(ppd.previous_chat_cnt, 0),
                2
            )
    END AS growth_rate,
    CASE ${period_type}
        WHEN ''week'' THEN ''周环比''
        WHEN ''month'' THEN ''月环比''
    END AS period_type_name
FROM current_period_data cpd
FULL OUTER JOIN previous_period_data ppd
    ON cpd.user_id = ppd.user_id
ORDER BY cpd.chat_cnt DESC NULLS LAST
LIMIT 10;', 'user_name', 'current_chat_cnt,growth_rate', 'start_time,end_time,period_type', 1, '2025-11-24 14:39:21.384', '2025-11-24 14:39:21.384', NULL, NULL, NULL, 'DB', 'POSTGRESQL');

INSERT INTO query_config (query_id, query_code, "name", sql_template, dimension_fields, measure_fields, condition_fields, status, created_time, updated_time, created_by, description, query_type, query_method, db_type) VALUES(8, 'ACTIVITY_TOP_ORG_LEVEL4', '四级组织活跃度top10', 'WITH current_period_data AS (
    SELECT 
        org4.org_id,
        org4.org_name,
        COUNT(1) AS total_chat_cnt,
        COUNT(DISTINCT a.mem_obj_id) AS active_user_cnt
    FROM byai_session_member a
    LEFT JOIN po_users_organization b 
        ON a.mem_obj_id = b.user_id
    LEFT JOIN po_organization user_org 
        ON b.org_id = user_org.org_id
    LEFT JOIN po_organization org4 
        ON org4.org_level = 3
        AND org4.org_id = substring(
            user_org.path_code,
            ''^(?:[^.]+.){4}([^.]+)''
        )
    WHERE org4.org_id IS NOT NULL
      AND a.create_time >= ${start_time}::TIMESTAMP
      AND a.create_time <= ${end_time}::TIMESTAMP
    GROUP BY org4.org_id, org4.org_name
    ORDER BY total_chat_cnt DESC
    LIMIT 10
),
previous_period_data AS (
    SELECT 
        org4.org_id,
        org4.org_name,
        COUNT(1) AS prev_total_chat_cnt,
        COUNT(DISTINCT a.mem_obj_id) AS prev_active_user_cnt
    FROM byai_session_member a
    LEFT JOIN po_users_organization b 
        ON a.mem_obj_id = b.user_id
    LEFT JOIN po_organization user_org 
        ON b.org_id = user_org.org_id
    LEFT JOIN po_organization org4 
        ON org4.org_level = 3
        AND org4.org_id = substring(
            user_org.path_code,
            ''^(?:[^.]+.){4}([^.]+)''
        )
    WHERE org4.org_id IS NOT NULL
      AND a.create_time >= CASE ${period_type}
          WHEN ''week'' THEN ${start_time}::TIMESTAMP - INTERVAL ''1 week''
          WHEN ''month'' THEN ${start_time}::TIMESTAMP - INTERVAL ''1 month''
      END
      AND a.create_time <= CASE ${period_type}
          WHEN ''week'' THEN ${end_time}::TIMESTAMP - INTERVAL ''1 week''
          WHEN ''month'' THEN ${end_time}::TIMESTAMP - INTERVAL ''1 month''
      END
      AND org4.org_id IN (SELECT org_id FROM current_period_data)
    GROUP BY org4.org_id, org4.org_name
)
SELECT 
    COALESCE(cpd.org_id, ppd.org_id) AS four_level_org_id,
    COALESCE(cpd.org_name, ppd.org_name) AS four_level_org_name,
    COALESCE(cpd.total_chat_cnt, 0) AS current_total_chat_cnt,
    COALESCE(cpd.active_user_cnt, 0) AS current_active_user_cnt,
    COALESCE(ppd.prev_total_chat_cnt, 0) AS prev_total_chat_cnt,
    COALESCE(ppd.prev_active_user_cnt, 0) AS prev_active_user_cnt,
    CASE 
        WHEN COALESCE(ppd.prev_total_chat_cnt, 0) = 0 THEN
            NULL
        ELSE
            ROUND(
                (COALESCE(cpd.total_chat_cnt, 0) - COALESCE(ppd.prev_total_chat_cnt, 0)) * 100.0 /
                COALESCE(ppd.prev_total_chat_cnt, 0),
                2
            )
    END AS chat_cnt_growth_rate,
    CASE 
        WHEN COALESCE(ppd.prev_active_user_cnt, 0) = 0 THEN
            NULL
        ELSE
            ROUND(
                (COALESCE(cpd.active_user_cnt, 0) - COALESCE(ppd.prev_active_user_cnt, 0)) * 100.0 /
                COALESCE(ppd.prev_active_user_cnt, 0),
                2
            )
    END AS active_user_growth_rate,
    CASE ${period_type}
        WHEN ''week'' THEN ''周环比''
        WHEN ''month'' THEN ''月环比''
    END AS period_type_name
FROM current_period_data cpd
FULL OUTER JOIN previous_period_data ppd
    ON cpd.org_id = ppd.org_id
ORDER BY cpd.total_chat_cnt DESC NULLS LAST;', 'four_level_org_name', 'current_total_chat_cnt,active_user_growth_rate,current_total_chat_cnt,chat_cnt_growth_rate', 'start_time,end_time,period_type', 1, '2025-11-24 14:46:20.214', '2025-11-24 14:46:20.214', NULL, NULL, NULL, 'DB', 'POSTGRESQL');

INSERT INTO query_config (query_id, query_code, "name", sql_template, dimension_fields, measure_fields, condition_fields, status, created_time, updated_time, created_by, description, query_type, query_method, db_type) VALUES(10, 'DIG_EMPLOYEE_QUALITY', '数字员工质量统计', 'SELECT 
    CAST(b.resource_id AS VARCHAR) AS resource_id,
    b.resource_name,
    b.avatar,
    a.target_quality
FROM byai_monitor_target a
INNER JOIN ss_resource b
    ON a.agent_id = b.resource_id 
ORDER BY a.target_quality DESC
LIMIT 10;', 'resource_id,resource_name,avatar', 'target_quality', '', 1, '2025-11-24 20:31:48.167', '2025-11-24 20:31:48.167', NULL, NULL, NULL, 'DB', 'POSTGRESQL');

INSERT INTO query_config (query_id, query_code, "name", sql_template, dimension_fields, measure_fields, condition_fields, status, created_time, updated_time, created_by, description, query_type, query_method, db_type) VALUES(11, 'SINGLE_DIG_EMPLOYEE_SERVICE', '单个数字员工服务数据统计', 'SELECT
  COALESCE(SUM(request_count), 0) AS service_count,
  COALESCE(COUNT(DISTINCT creator_id), 0) AS service_people_count,
  CASE 
    WHEN COALESCE(COUNT(DISTINCT creator_id), 0) = 0 THEN 0.00
    ELSE ROUND(SUM(request_count) / COUNT(DISTINCT creator_id), 2)
  END AS avg_service_count
FROM byai_session_member
WHERE mem_obj_type = ''AGENT'' AND mem_obj_id = ${agent_id} 
and create_time >= ${start_time} and create_time <=${end_time};
', NULL, 'service_count,service_people_count,avg_service_count', 'agent_id', 1, '2025-12-05 10:06:54.933', '2025-12-05 10:06:54.933', NULL, NULL, NULL, 'DB', 'POSTGRESQL');

INSERT INTO query_config (query_id, query_code, "name", sql_template, dimension_fields, measure_fields, condition_fields, status, created_time, updated_time, created_by, description, query_type, query_method, db_type) VALUES(9, 'INDEX_TAB', 'tab卡片指标，数字员工已上架总数，数字员工活跃度，上线用户和数字员工服务总次数', 'WITH current_period_data AS (
    SELECT 
        COALESCE(shelf.shelf_agent, 0) AS current_shelf_agent,
        COALESCE(login.login_user, 0) AS current_login_user,
        COALESCE(service.service_cnt, 0) AS current_service_cnt,
        COALESCE(active.active_agent, 0) AS current_active_agent,
        COALESCE(total_shelf_agent.shelf_agent, 0) AS cur_total_shelf_agent,
        CASE 
            WHEN total_shelf_agent.shelf_agent = 0 THEN 0.00
            ELSE ROUND(active.active_agent * 100.0 / total_shelf_agent.shelf_agent, 2)
        END AS current_agent_activity_rate
    FROM (
        SELECT COUNT(1) AS shelf_agent
        FROM ss_resource 
        WHERE resource_status = 2
          AND shelf_time >= ${start_time}::TIMESTAMP
          AND shelf_time <= ${end_time}::TIMESTAMP
    ) shelf,
    (
        SELECT COUNT(DISTINCT user_id) AS login_user
        FROM po_login_log 
        WHERE login_time >= ${start_time}::TIMESTAMP
          AND login_time <= ${end_time}::TIMESTAMP
    ) login,
    (
        SELECT COUNT(1) AS shelf_agent
        FROM ss_resource 
        WHERE resource_status = 2
          AND resource_biz_type = ''DIG_EMPLOYEE''
          AND shelf_time <= ${end_time}::TIMESTAMP
    ) total_shelf_agent,
    (
          SELECT SUM(total_num) AS service_cnt
            FROM (
                SELECT sum(request_count) AS total_num
                FROM byai_session_member a
                LEFT JOIN ss_res_ext_dig_employee b 
                ON a.mem_obj_id = b.resource_id 
                WHERE a.mem_obj_type = ''AGENT'' AND b.integration_type <> ''PAGE''
                AND create_time >= ${start_time}::TIMESTAMP
                AND create_time <= ${end_time}::TIMESTAMP
            
                UNION ALL 
                SELECT sum(1) AS total_num
                FROM byai_track_log btl 
                left join ss_res_ext_dig_employee srede 
                on btl.object_id = srede.resource_id
                WHERE object_type = ''DIG_EMPLOYEE''
                and srede.integration_type = ''PAGE''
                AND create_time >= ${start_time}::TIMESTAMP
                AND create_time <= ${end_time}::TIMESTAMP 
            ) AS temp_table
    ) service,
    (
        SELECT COUNT(DISTINCT agent_id) AS active_agent
        FROM (
            SELECT bsm.mem_obj_id AS agent_id
            FROM ss_resource sr
            JOIN byai_session_member bsm 
                ON sr.resource_id = bsm.mem_obj_id
            LEFT JOIN ss_res_ext_dig_employee b 
                ON bsm.mem_obj_id = b.resource_id 
            WHERE sr.resource_status = 2
              AND bsm.mem_obj_type = ''AGENT''
              AND b.integration_type <> ''PAGE''   
              AND bsm.create_time >= ${start_time}::TIMESTAMP
              AND bsm.create_time <= ${end_time}::TIMESTAMP
              
            UNION ALL 
            
            SELECT btl.object_id AS agent_id
            FROM byai_track_log btl
            left join ss_res_ext_dig_employee srede 
                on btl.object_id = srede.resource_id
            WHERE btl.object_type = ''DIG_EMPLOYEE''
                and srede.integration_type = ''PAGE''
              AND btl.create_time >= ${start_time}::TIMESTAMP
              AND btl.create_time <= ${end_time}::TIMESTAMP
        ) AS union_agent_ids 
    ) active
),
previous_period_data AS (
    SELECT 
        COALESCE(shelf.shelf_agent, 0) AS prev_shelf_agent,
        COALESCE(login.login_user, 0) AS prev_login_user,
        COALESCE(service.service_cnt, 0) AS prev_service_cnt,
        COALESCE(active.active_agent, 0) AS prev_active_agent,
        COALESCE(total_shelf_agent.shelf_agent, 0) AS pre_total_shelf_agent,
        CASE 
            WHEN total_shelf_agent.shelf_agent = 0 THEN 0.00
            ELSE ROUND(active.active_agent * 100.0 / total_shelf_agent.shelf_agent, 2)
        END AS prev_agent_activity_rate
    FROM (
        SELECT COUNT(1) AS shelf_agent
        FROM ss_resource 
        WHERE resource_status = 2
          AND shelf_time >= CASE ${period_type}
              WHEN ''week'' THEN ${start_time}::TIMESTAMP - INTERVAL ''1 week''
              WHEN ''month'' THEN ${start_time}::TIMESTAMP - INTERVAL ''1 month''
          END
          AND shelf_time <= CASE ${period_type}
              WHEN ''week'' THEN ${end_time}::TIMESTAMP - INTERVAL ''1 week''
              WHEN ''month'' THEN ${end_time}::TIMESTAMP - INTERVAL ''1 month''
          END
    ) shelf,
    (
        SELECT COUNT(DISTINCT user_id) AS login_user
        FROM po_login_log 
        WHERE login_time >= CASE ${period_type}
              WHEN ''week'' THEN ${start_time}::TIMESTAMP - INTERVAL ''1 week''
              WHEN ''month'' THEN ${start_time}::TIMESTAMP - INTERVAL ''1 month''
          END
          AND login_time <= CASE ${period_type}
              WHEN ''week'' THEN ${end_time}::TIMESTAMP - INTERVAL ''1 week''
              WHEN ''month'' THEN ${end_time}::TIMESTAMP - INTERVAL ''1 month''
          END
    ) login,
    (
        SELECT COUNT(1) AS shelf_agent
        FROM ss_resource 
        WHERE resource_status = 2
          AND resource_biz_type = ''DIG_EMPLOYEE''
          AND shelf_time <= CASE ${period_type}
              WHEN ''week'' THEN ${end_time}::TIMESTAMP - INTERVAL ''1 week''
              WHEN ''month'' THEN ${end_time}::TIMESTAMP - INTERVAL ''1 month''
          END
    ) total_shelf_agent,
    (
        SELECT SUM(total_num) AS service_cnt
        FROM (
            SELECT sum(request_count) AS total_num
            FROM byai_session_member a
            LEFT JOIN ss_res_ext_dig_employee b 
            ON a.mem_obj_id = b.resource_id 
            WHERE a.mem_obj_type = ''AGENT'' AND b.integration_type <> ''PAGE''
            AND create_time >= CASE ${period_type}
                WHEN ''week'' THEN ${start_time}::TIMESTAMP - INTERVAL ''1 week''
                WHEN ''month'' THEN ${start_time}::TIMESTAMP - INTERVAL ''1 month''
            END
            AND create_time <= CASE ${period_type}
                WHEN ''week'' THEN ${end_time}::TIMESTAMP - INTERVAL ''1 week''
                WHEN ''month'' THEN ${end_time}::TIMESTAMP - INTERVAL ''1 month''
            END
            UNION ALL 
            SELECT sum(1) AS total_num
            FROM byai_track_log btl 
            left join ss_res_ext_dig_employee srede 
            on btl.object_id = srede.resource_id
            WHERE object_type = ''DIG_EMPLOYEE''
            and srede.integration_type = ''PAGE''
            AND create_time >= CASE ${period_type}
                WHEN ''week'' THEN ${start_time}::TIMESTAMP - INTERVAL ''1 week''
                WHEN ''month'' THEN ${start_time}::TIMESTAMP - INTERVAL ''1 month''
            END
            AND create_time <= CASE ${period_type}
                WHEN ''week'' THEN ${end_time}::TIMESTAMP - INTERVAL ''1 week''
                WHEN ''month'' THEN ${end_time}::TIMESTAMP - INTERVAL ''1 month''
            END
        ) AS temp_table
    ) service,
    (
        SELECT COUNT(DISTINCT agent_id) AS active_agent
        FROM (
            SELECT bsm.mem_obj_id AS agent_id
            FROM ss_resource sr
            JOIN byai_session_member bsm 
                ON sr.resource_id = bsm.mem_obj_id
            LEFT JOIN ss_res_ext_dig_employee b 
            ON bsm.mem_obj_id = b.resource_id 
            WHERE sr.resource_status = 2
              AND bsm.mem_obj_type = ''AGENT''
              AND b.integration_type <> ''PAGE''   
              AND bsm.create_time >= CASE ${period_type}
                  WHEN ''week'' THEN ${start_time}::TIMESTAMP - INTERVAL ''1 week''
                  WHEN ''month'' THEN ${start_time}::TIMESTAMP - INTERVAL ''1 month''
              END
              AND bsm.create_time <= CASE ${period_type}
                  WHEN ''week'' THEN ${end_time}::TIMESTAMP - INTERVAL ''1 week''
                  WHEN ''month'' THEN ${end_time}::TIMESTAMP - INTERVAL ''1 month''
              END
            UNION ALL 
            SELECT btl.object_id AS agent_id
            FROM byai_track_log btl
            left join ss_res_ext_dig_employee srede 
            on btl.object_id = srede.resource_id
            WHERE btl.object_type = ''DIG_EMPLOYEE''
            and srede.integration_type = ''PAGE''
              AND btl.create_time >= CASE ${period_type}
                  WHEN ''week'' THEN ${start_time}::TIMESTAMP - INTERVAL ''1 week''
                  WHEN ''month'' THEN ${start_time}::TIMESTAMP - INTERVAL ''1 month''
              END
              AND btl.create_time <= CASE ${period_type}
                  WHEN ''week'' THEN ${end_time}::TIMESTAMP - INTERVAL ''1 week''
                  WHEN ''month'' THEN ${end_time}::TIMESTAMP - INTERVAL ''1 month''
              END
        ) AS union_agent_ids
    ) active
)
SELECT 
    cpd.current_shelf_agent,
    cpd.current_login_user,
    cpd.current_service_cnt,
    cpd.current_active_agent,
    cpd.cur_total_shelf_agent,
    ppd.pre_total_shelf_agent,
    ppd.prev_active_agent,
    ppd.prev_shelf_agent,
    ppd.prev_login_user,
    ppd.prev_service_cnt,
    cpd.current_agent_activity_rate,
    ppd.prev_agent_activity_rate,
    CASE 
        WHEN ppd.prev_shelf_agent = 0 THEN NULL
        ELSE ROUND((cpd.current_shelf_agent - ppd.prev_shelf_agent) * 100.0 / ppd.prev_shelf_agent, 2)
    END AS shelf_agent_growth_rate,
    CASE 
        WHEN ppd.prev_login_user = 0 THEN NULL
        ELSE ROUND((cpd.current_login_user - ppd.prev_login_user) * 100.0 / ppd.prev_login_user, 2)
    END AS login_user_growth_rate,
    CASE 
        WHEN ppd.prev_service_cnt = 0 THEN NULL
        ELSE ROUND((cpd.current_service_cnt - ppd.prev_service_cnt) * 100.0 / ppd.prev_service_cnt, 2)
    END AS service_cnt_growth_rate,
    ROUND(cpd.current_agent_activity_rate - ppd.prev_agent_activity_rate, 2) AS activity_rate_growth,
    CASE ${period_type}
        WHEN ''week'' THEN ''周环比''
        WHEN ''month'' THEN ''月环比''
    END AS period_type_name
FROM current_period_data cpd
CROSS JOIN previous_period_data ppd;', NULL, 'current_shelf_agent,shelf_agent_growth_rate,current_agent_activity_rate,activity_rate_growth,current_login_user,login_user_growth_rate,current_service_cnt,service_cnt_growth_rate', 'start_time,end_time,period_type', 1, '2025-11-24 18:20:16.252', '2025-11-24 18:20:16.252', NULL, NULL, NULL, 'DB', 'POSTGRESQL');

INSERT INTO query_config (query_id, query_code, "name", sql_template, dimension_fields, measure_fields, condition_fields, status, created_time, updated_time, created_by, description, query_type, query_method, db_type) VALUES(12, 'SINGLE_DIG_EMPLOYEE_SERVICE_PERIOD', '单个数字员工服务数据周期趋势统计', '
WITH 
date_series AS (
  SELECT generate_series(
           ${start_time}::date, 
           ${end_time}::date, 
           ''1 day''::interval
         )::date AS time
),
service_data AS (
  SELECT
    TO_CHAR(create_time, ''YYYY-MM-DD'') AS time,
    COALESCE(SUM(request_count), 0) AS service_count,
    COALESCE(COUNT(DISTINCT creator_id), 0) AS service_people_count,
    CASE 
      WHEN COALESCE(COUNT(DISTINCT creator_id), 0) = 0 THEN 0.00
      ELSE ROUND(SUM(request_count) / COUNT(DISTINCT creator_id), 2)
    END AS avg_service_count
  FROM byai_session_member
  WHERE 
    mem_obj_type = ''AGENT'' 
    AND mem_obj_id = ${agent_id}
    AND create_time >= ${start_time}
    AND create_time <= ${end_time}
  GROUP BY time
)
SELECT
  TO_CHAR(ds.time, ''YYYY-MM-DD'') AS time,
  COALESCE(sd.service_count, 0) AS service_count,
  COALESCE(sd.service_people_count, 0) AS service_people_count,
  COALESCE(sd.avg_service_count, 0.00) AS avg_service_count
FROM date_series ds
LEFT JOIN service_data sd 
  ON TO_CHAR(ds.time, ''YYYY-MM-DD'') = sd.time
ORDER BY ds.time ASC;', NULL, NULL, 'start_time,end_time,period_type,agent_id', 1, '2025-12-05 10:51:59.826', '2025-12-05 10:51:59.826', NULL, NULL, NULL, 'DB', 'POSTGRESQL');

INSERT INTO query_config (query_id, query_code, "name", sql_template, dimension_fields, measure_fields, condition_fields, status, created_time, updated_time, created_by, description, query_type, query_method, db_type) VALUES(4, 'DIG_EMPLOYEE_TREND_STATISTICS', '数字员工趋势统计', 'WITH 
date_series AS (
    SELECT generate_series(
        ${start_time}::DATE,
        ${end_time}::DATE,
        interval ''1 day''
    ) AS stat_date
),
total_agent AS (
    SELECT COUNT(DISTINCT b.resource_id) AS total_cnt
    FROM ss_resource b 
    WHERE b.resource_status = 2 
	  AND b.resource_biz_type = ''DIG_EMPLOYEE''
      AND b.shelf_time <= ${end_time}::TIMESTAMP
),
agent_active_union AS (
    SELECT 
        count(distinct a.mem_obj_id) AS active_agent,
        TO_CHAR(a.create_time, ''YYYY-MM-DD'') AS stat_date
    FROM byai_session_member a 
    LEFT JOIN ss_res_ext_dig_employee b 
    ON a.mem_obj_id = b.resource_id
    WHERE mem_obj_type = ''AGENT'' and b.integration_type <> ''PAGE''
      AND a.create_time >= ${start_time}::TIMESTAMP
      AND a.create_time <= ${end_time}::TIMESTAMP
    GROUP BY TO_CHAR(create_time, ''YYYY-MM-DD'')
    
    UNION ALL  
    
    SELECT 
    	count(distinct a.object_id) as active_agent,
    	TO_CHAR(a.create_time, ''YYYY-MM-DD'') AS stat_date
    FROM byai_track_log a
    LEFT JOIN ss_res_ext_dig_employee b 
    ON a.object_id = b.resource_id 
    WHERE a.object_type = ''DIG_EMPLOYEE'' and b.integration_type = ''PAGE''
      AND a.create_time >= ${start_time}::TIMESTAMP
      AND a.create_time <= ${end_time}::TIMESTAMP
    GROUP BY TO_CHAR(create_time, ''YYYY-MM-DD'')
),
service_agent_union AS (
    SELECT 
        SUM(a.request_count) AS serviceCnt,
        TO_CHAR(a.create_time, ''YYYY-MM-DD'') AS stat_date
    FROM byai_session_member a 
    LEFT JOIN ss_res_ext_dig_employee b 
    ON a.mem_obj_id = b.resource_id
    WHERE mem_obj_type = ''AGENT'' and b.integration_type <> ''PAGE''
      AND a.create_time >= ${start_time}::TIMESTAMP
      AND a.create_time <= ${end_time}::TIMESTAMP
    GROUP BY TO_CHAR(create_time, ''YYYY-MM-DD'')
    
    UNION ALL  
    
    SELECT 
    	count(a.object_id) as serviceCnt,
    	TO_CHAR(a.create_time, ''YYYY-MM-DD'') AS stat_date
    FROM byai_track_log a
    LEFT JOIN ss_res_ext_dig_employee b 
    ON a.object_id = b.resource_id 
    WHERE a.object_type = ''DIG_EMPLOYEE'' and b.integration_type = ''PAGE''
      AND a.create_time >= ${start_time}::TIMESTAMP
      AND a.create_time <= ${end_time}::TIMESTAMP
    GROUP BY TO_CHAR(create_time, ''YYYY-MM-DD'')
),
total_service_agent AS (
    SELECT 
        stat_date,
        SUM(serviceCnt) AS serviceCnt  
    FROM service_agent_union
    GROUP BY stat_date  
    ORDER BY stat_date ASC  
),
total_active_agent AS (
    SELECT 
        stat_date,
        SUM(active_agent) AS active_agent
    FROM agent_active_union
    GROUP BY stat_date  
    ORDER BY stat_date ASC  
)
SELECT 
    TO_CHAR(ds.stat_date, ''YYYY-MM-DD'') AS stat_date,
	COALESCE(tsa.serviceCnt, 0) AS chat_cnt,
	COALESCE(ta.total_cnt, 0) AS total_agent_cnt,
    ROUND(
        COALESCE(taa.active_agent::NUMERIC, 0) / NULLIF(ta.total_cnt::NUMERIC, 0) * 100, 
        2
    ) AS activity
FROM date_series ds
LEFT JOIN total_service_agent tsa
	ON TO_CHAR(ds.stat_date, ''YYYY-MM-DD'') = tsa.stat_date
LEFT JOIN total_active_agent taa 
	ON TO_CHAR(ds.stat_date, ''YYYY-MM-DD'') = taa.stat_date  
CROSS JOIN total_agent ta  
ORDER BY ds.stat_date ASC;', 'stat_date', 'chat_cnt,activity', 'start_time,end_time', 1, '2025-11-24 10:26:30.112', '2025-11-24 10:26:30.112', NULL, NULL, NULL, 'DB', 'POSTGRESQL');

INSERT INTO query_config (query_id, query_code, "name", sql_template, dimension_fields, measure_fields, condition_fields, status, created_time, updated_time, created_by, description, query_type, query_method, db_type) VALUES(21, 'DATASET_DIG_EMPLOYEE_TOP5_CATALOG', '数据资产指标-数字员工使用前5', 'WITH current_data AS (
    SELECT
        CAST(b.resource_id AS VARCHAR) AS resource_id,
        b.resource_name,
        b.avatar,
        sum(a.request_count) AS curCnt
    FROM byai_session_member a
    INNER JOIN ss_resource b
        ON a.mem_obj_id = b.resource_id
    LEFT JOIN ss_res_ext_dig_employee c
        ON a.mem_obj_id = c.resource_id
    WHERE a.mem_obj_type = ''AGENT'' AND c.integration_type <> ''PAGE''
      AND b.resource_status not in(1,6)
      AND a.create_time >= ${start_time}::TIMESTAMP
      AND a.create_time <= ${end_time}::TIMESTAMP
      AND (${catalog_id} < 0 OR b.catalog_id = ${catalog_id})
    GROUP BY b.resource_id, b.resource_name, b.avatar

    UNION ALL

    select
        CAST(temp_table.resource_id AS VARCHAR) AS resource_id,
        temp_table.resource_name,
        temp_table.avatar,
        temp_table.curCnt
    from
    (select
        b.resource_id,
        b.resource_name,
        b.avatar,
        btl.object_id,
        count(1) as curCnt
    from byai_track_log btl
    inner join ss_resource b
    on btl.object_id = b.resource_id
    LEFT JOIN ss_res_ext_dig_employee c
        ON btl.object_id = c.resource_id
    where btl.object_type = ''DIG_EMPLOYEE''
    AND b.resource_status not in(1,6)
    AND c.integration_type = ''PAGE''
    AND btl.create_time >= ${start_time}::TIMESTAMP
    AND btl.create_time <= ${end_time}::TIMESTAMP
    AND (${catalog_id} < 0 OR b.catalog_id = ${catalog_id})
    GROUP BY b.resource_id, b.resource_name, b.avatar, btl.object_id) as temp_table
),
previous_data AS (

    SELECT
        CAST(b.resource_id AS VARCHAR) AS resource_id,
        b.resource_name,
        b.avatar,
        sum(a.request_count) AS preCnt
    FROM byai_session_member a
    INNER JOIN ss_resource b
        ON a.mem_obj_id = b.resource_id
    LEFT JOIN ss_res_ext_dig_employee c
        ON a.mem_obj_id = c.resource_id
    WHERE a.mem_obj_type = ''AGENT''
      AND c.integration_type <> ''PAGE''
      AND a.create_time >= CASE ${period_type}
          WHEN ''day'' THEN ${start_time}::TIMESTAMP - INTERVAL ''1 day''
          WHEN ''week'' THEN ${start_time}::TIMESTAMP - INTERVAL ''1 week''
          WHEN ''month'' THEN ${start_time}::TIMESTAMP - INTERVAL ''1 month''
      END
      AND a.create_time <= CASE ${period_type}
          WHEN ''day'' THEN ${end_time}::TIMESTAMP - INTERVAL ''1 day''
          WHEN ''week'' THEN ${end_time}::TIMESTAMP - INTERVAL ''1 week''
          WHEN ''month'' THEN ${end_time}::TIMESTAMP - INTERVAL ''1 month''
      END
      AND (${catalog_id} < 0 OR b.catalog_id = ${catalog_id})
    GROUP BY b.resource_id, b.resource_name, b.avatar

    UNION ALL

    select
        CAST(temp_table.resource_id AS VARCHAR) AS resource_id,
        temp_table.resource_name,
        temp_table.avatar,
        temp_table.preCnt
    from
    (select
        b.resource_id,
        b.resource_name,
        b.avatar,
        btl.object_id,
        count(1) as preCnt
    from byai_track_log btl
    inner join ss_resource b
    on btl.object_id = b.resource_id
    LEFT JOIN ss_res_ext_dig_employee c
        ON btl.object_id = c.resource_id
    where btl.object_type = ''DIG_EMPLOYEE''
    and c.integration_type = ''PAGE''
    AND btl.create_time >= CASE ${period_type}
        WHEN ''day'' THEN ${start_time}::TIMESTAMP - INTERVAL ''1 day''
        WHEN ''week'' THEN ${start_time}::TIMESTAMP - INTERVAL ''1 week''
        WHEN ''month'' THEN ${start_time}::TIMESTAMP - INTERVAL ''1 month''
    END
    AND btl.create_time <= CASE ${period_type}
        WHEN ''day'' THEN ${end_time}::TIMESTAMP - INTERVAL ''1 day''
        WHEN ''week'' THEN ${end_time}::TIMESTAMP - INTERVAL ''1 week''
        WHEN ''month'' THEN ${end_time}::TIMESTAMP - INTERVAL ''1 month''
    END
    AND (${catalog_id} < 0 OR b.catalog_id = ${catalog_id})
    GROUP BY b.resource_id, b.resource_name, b.avatar, btl.object_id) as temp_table
)
SELECT
    COALESCE(cd.resource_id, pd.resource_id) AS resource_id,
    COALESCE(cd.resource_name, pd.resource_name) AS resource_name,
    COALESCE(cd.curCnt, 0) AS current_service_count,
    COALESCE(pd.preCnt, 0) AS previous_service_count,
    COALESCE(cd.avatar, '''') AS avatar,
    CASE
        WHEN COALESCE(pd.preCnt, 0) = 0 THEN
            NULL
        ELSE
            ROUND(
                (COALESCE(cd.curCnt, 0) - COALESCE(pd.preCnt, 0)) * 100.0 /
                COALESCE(pd.preCnt, 0),
                2
            )
    END AS growth_rate,
    CASE ${period_type}
        WHEN ''day'' THEN ''日环比''
        WHEN ''week'' THEN ''周环比''
        WHEN ''month'' THEN ''月环比''
    END AS period_type_name
FROM current_data cd
FULL OUTER JOIN previous_data pd
    ON cd.resource_id = pd.resource_id
    AND cd.resource_name = pd.resource_name
ORDER BY current_service_count DESC
limit 5;', NULL, NULL, 'catalog_id,start_time,end_time,period_type', 1, '2026-01-22 17:03:40.601', '2026-01-22 17:03:40.601', NULL, NULL, NULL, 'DB', 'POSTGRESQL');

INSERT INTO query_config (query_id, query_code, "name", sql_template, dimension_fields, measure_fields, condition_fields, status, created_time, updated_time, created_by, description, query_type, query_method, db_type) VALUES(22, 'DATASET_DOC_OBTONOLOGY', '数据资产指标-知识库和本体内容的数量统计', 'SELECT
    COUNT(CASE WHEN resource_biz_type = ''KG_DOC''  THEN 1 END) AS KG_DOC,
    COUNT(CASE WHEN resource_biz_type = ''KG_DB''   THEN 1 END) AS KG_DB,
    COUNT(CASE WHEN resource_biz_type = ''KG_QA''   THEN 1 END) AS KG_QA,
    COUNT(CASE WHEN resource_biz_type = ''VIEW''    THEN 1 END) AS VIEW,
    COUNT(CASE WHEN resource_biz_type = ''OBJECT''  THEN 1 END) AS OBJECT
FROM ss_resource
WHERE resource_biz_type IN (''KG_DOC'',''KG_DB'',''KG_QA'',''VIEW'',''OBJECT'')  AND resource_status not in(1,6)
  AND (${catalog_id} < 0 OR catalog_id = ${catalog_id});', NULL, NULL, 'catalog_id', 1, '2026-01-23 09:20:03.825', '2026-01-23 09:20:03.825', NULL, NULL, NULL, 'DB', 'POSTGRESQL');
  
INSERT INTO query_config (query_id, query_code, "name", sql_template, dimension_fields, measure_fields, condition_fields, status, created_time, updated_time, created_by, description, query_type, query_method, db_type) VALUES(23, 'DATASET_SKILLS', '数据资产指标-技能数量统计', 'SELECT
    COUNT(CASE WHEN type_group = ''AGENT''     THEN 1 END) AS AGENT,
    COUNT(CASE WHEN type_group = ''TOOLKIT''  THEN 1 END) AS TOOLKIT,
    COUNT(CASE WHEN type_group = ''未知类型'' THEN 1 END) AS 未知类型
FROM (
    SELECT
        COALESCE(
            CASE
                WHEN resource_biz_type = ''AGENT'' THEN ''AGENT''
                WHEN resource_biz_type IN (''TOOLKIT'', ''TOOL'', ''MCP'') THEN ''TOOLKIT''
            END,
            ''未知类型''
        ) AS type_group
    FROM ss_resource
    WHERE resource_biz_type IN (''AGENT'', ''TOOLKIT'', ''TOOL'', ''MCP'')  AND resource_status not in(1,6)
      AND parent_resource_id < 0
      AND (${catalog_id} < 0 OR catalog_id = ${catalog_id})
 AND system_code  = ${system_code}) AS temp;', NULL, NULL, 'catalog_id,system_code', 1, '2026-01-23 09:27:05.181', '2026-01-23 09:27:05.181', NULL, NULL, NULL, 'DB', 'POSTGRESQL');
 
INSERT INTO query_config (query_id, query_code, "name", sql_template, dimension_fields, measure_fields, condition_fields, status, created_time, updated_time, created_by, description, query_type, query_method, db_type) VALUES(24, 'DATASET_DIG_EMPLOYEE', '数据资产指标-数字员工各类型数量统计', 'SELECT
    COUNT(CASE WHEN b.create_type = ''FROM_MANUALLY'' AND b.agent_type = ''001'' THEN 1 END) AS "001",
    COUNT(CASE WHEN b.create_type = ''FROM_MANUALLY'' AND b.agent_type = ''005'' THEN 1 END) AS "005",
    COUNT(CASE WHEN b.create_type = ''FROM_MANUALLY'' AND b.agent_type = ''006'' THEN 1 END) AS "006",
    COUNT(CASE WHEN b.create_type = ''FROM_THIRD'' THEN 1 END) AS third_party, COUNT(1) AS total
FROM ss_resource a
LEFT JOIN ss_res_ext_dig_employee b
    ON a.resource_id = b.resource_id
WHERE a.resource_biz_type = ''DIG_EMPLOYEE'' AND a.resource_status not in(1,6)
  AND (b.create_type = ''FROM_THIRD'' OR (b.create_type = ''FROM_MANUALLY'' AND b.agent_type IN (''001'',''005'',''006'')))
  AND (${catalog_id} < 0 OR a.catalog_id = ${catalog_id});', NULL, NULL, 'catalog_id', 1, '2026-01-23 09:32:16.457', '2026-01-23 09:32:16.457', NULL, NULL, NULL, 'DB', 'POSTGRESQL');

INSERT INTO query_config (query_id, query_code, "name", sql_template, dimension_fields, measure_fields, condition_fields, status, created_time, updated_time, created_by, description, query_type, query_method, db_type) VALUES(25, 'DATASET_DOC_TOP5_CATALOG', '数据资产指标-文档库调用量top5', 'WITH current_data AS (
    SELECT
        CAST(b.resource_id AS VARCHAR) AS resource_id,
        b.resource_name,
        SUM(a.request_count) AS cur_cnt
    FROM byai_session_member a
    INNER JOIN ss_resource b
        ON a.mem_obj_id = b.resource_id
    WHERE a.mem_obj_type = ''DOC''
      AND (${catalog_id} < 0 OR b.catalog_id = ${catalog_id})
      AND a.create_time >= ${start_time}::TIMESTAMP
      AND a.create_time <= ${end_time}::TIMESTAMP
    GROUP BY b.resource_id, b.resource_name
),
previous_data AS (

    SELECT
        CAST(b.resource_id AS VARCHAR) AS resource_id,
        b.resource_name,
        SUM(a.request_count) AS pre_cnt
    FROM byai_session_member a
    INNER JOIN ss_resource b
        ON a.mem_obj_id = b.resource_id
    WHERE a.mem_obj_type = ''DOC'' AND b.resource_status not in(1,6)
      AND (${catalog_id} < 0 OR b.catalog_id = ${catalog_id})
      AND a.create_time >= CASE ${period_type}
          WHEN ''day'' THEN ${start_time}::TIMESTAMP - INTERVAL ''1 day''
          WHEN ''week'' THEN ${start_time}::TIMESTAMP - INTERVAL ''1 week''
          WHEN ''month'' THEN ${start_time}::TIMESTAMP - INTERVAL ''1 month''
      END
      AND a.create_time <= CASE ${period_type}
          WHEN ''day'' THEN ${end_time}::TIMESTAMP - INTERVAL ''1 day''
          WHEN ''week'' THEN ${end_time}::TIMESTAMP - INTERVAL ''1 week''
          WHEN ''month'' THEN ${end_time}::TIMESTAMP - INTERVAL ''1 month''
      END
    GROUP BY b.resource_id, b.resource_name
)

SELECT
    COALESCE(cd.resource_id, pd.resource_id) AS resource_id,
    COALESCE(cd.resource_name, pd.resource_name) AS resource_name,
    COALESCE(cd.cur_cnt, 0) AS current_count,
    COALESCE(pd.pre_cnt, 0) AS previous_count,
    CASE
        WHEN COALESCE(pd.pre_cnt, 0) = 0 THEN NULL
        ELSE ROUND((COALESCE(cd.cur_cnt, 0) - COALESCE(pd.pre_cnt, 0)) * 100.0 / pd.pre_cnt, 2)
    END AS growth_rate,
    CASE ${period_type}
        WHEN ''day'' THEN ''日环比''
        WHEN ''week'' THEN ''周环比''
        WHEN ''month'' THEN ''月环比''
    END AS period_type_name
FROM current_data cd
FULL OUTER JOIN previous_data pd
    ON cd.resource_id = pd.resource_id
    AND cd.resource_name = pd.resource_name
ORDER BY current_count DESC
LIMIT 5; ', NULL, NULL, 'catalog_id,start_time,end_time,period_type', 1, '2026-01-28 16:29:06.067', '2026-01-28 16:29:06.067', NULL, NULL, NULL, 'DB', 'POSTGRESQL');


INSERT INTO ss_resource_catalog (catalog_id, catalog_name, catalog_desc, p_catalog_id, catalog_type, create_by, create_time, update_by, update_time, com_acct_id, catalog_path, order_index) VALUES (0, '其他领域', '无法归入以上分类', -1, 6, 1, '2099-10-31 23:00:00.000000', 7, '2025-12-03 21:08:01.277000', 1, '-1.0', 99);
INSERT INTO ss_resource_catalog (catalog_id, catalog_name, catalog_desc, p_catalog_id, catalog_type, create_by, create_time, update_by, update_time, com_acct_id, catalog_path, order_index) VALUES (10, '平台能力', '百应揭榜挂帅和百应记忆引擎、知识引擎、决策引擎、插件引擎、业务门户、管理门户等提供通用能力', -1, 6, 1, '2025-11-07 23:00:00.000000', null, null, 1, '-1.10', 1);
INSERT INTO ss_resource_catalog (catalog_id, catalog_name, catalog_desc, p_catalog_id, catalog_type, create_by, create_time, update_by, update_time, com_acct_id, catalog_path, order_index) VALUES (51, '行政办公', '管理固定资产、采购、各种IT服务相关数智资产和数智资源', -1, 6, 1, '2025-11-01 23:00:00.000000', 7, '2025-12-03 21:07:50.398000', 1, '-1.51', 8);
INSERT INTO ss_resource_catalog (catalog_id, catalog_name, catalog_desc, p_catalog_id, catalog_type, create_by, create_time, update_by, update_time, com_acct_id, catalog_path, order_index) VALUES (52, '人力资源', '管理人力资源领域相关数智资产和数智资源，例如员工关系管理等', -1, 6, 1, '2025-11-03 23:00:00.000000', 7, '2025-12-03 21:07:27.670000', 1, '-1.52', 6);
INSERT INTO ss_resource_catalog (catalog_id, catalog_name, catalog_desc, p_catalog_id, catalog_type, create_by, create_time, update_by, update_time, com_acct_id, catalog_path, order_index) VALUES (53, '研发领域', '管理产品研发、产品规划、产品质量等产品研发相关的数智资产和数智资源', -1, 6, 1, '2025-11-04 23:00:00.000000', 7, '2025-12-03 21:07:13.887000', 1, '-1.53', 4);
INSERT INTO ss_resource_catalog (catalog_id, catalog_name, catalog_desc, p_catalog_id, catalog_type, create_by, create_time, update_by, update_time, com_acct_id, catalog_path, order_index) VALUES (54, '市场营销', '管理市场营销、客户交付相关的数智资产和数智资源', -1, 6, 1, '2025-11-05 23:00:00.000000', 7, '2025-12-03 21:06:56.538000', 1, '-1.54', 2);
INSERT INTO ss_resource_catalog (catalog_id, catalog_name, catalog_desc, p_catalog_id, catalog_type, create_by, create_time, update_by, update_time, com_acct_id, catalog_path, order_index) VALUES (55, '销售领域', '管理销售线索、商机合同等销售领域相关的数智资产和数智资源', -1, 6, 1, '2025-11-06 23:00:00.000000', 7, '2025-12-03 21:07:04.510000', 1, '-1.55', 3);
INSERT INTO ss_resource_catalog (catalog_id, catalog_name, catalog_desc, p_catalog_id, catalog_type, create_by, create_time, update_by, update_time, com_acct_id, catalog_path, order_index) VALUES (56, '交付领域', '管理项目交付、客户服务、项目运维等交付与服务领域相关的数智资产和数智资源', -1, 6, 1, '2025-11-07 23:00:00.000000', 7, '2025-12-03 21:07:21.898000', 1, '-1.56', 5);
INSERT INTO ss_resource_catalog (catalog_id, catalog_name, catalog_desc, p_catalog_id, catalog_type, create_by, create_time, update_by, update_time, com_acct_id, catalog_path, order_index) VALUES (57, '财务领域', '管理经营财务、市场财务、核算财务等财务相关数智资产和数智资源', -1, 6, 1, '2025-11-07 23:00:00.000000', 7, '2025-12-03 21:07:34.288000', 1, '-1.57', 7);

INSERT INTO po_source_system (po_external_system_id, system_code, system_name, sso_url, app_key, app_secret, get_token_url, refresh_token_url, create_time, create_user, com_acct_id, redirect_uri, enabled, user_info_url) VALUES (12, 'BYAI', '百应', null, null, null, null, null, '2025-06-06 20:08:18.000000', 1, 1, null, 'Y', null);
INSERT INTO po_source_system (po_external_system_id, system_code, system_name, sso_url, app_key, app_secret, get_token_url, refresh_token_url, create_time, create_user, com_acct_id, redirect_uri, enabled, user_info_url) VALUES (88, 'WHAGE_AGENT', '插件引擎', null, null, null, null, null, '2025-06-07 20:08:18.000000', 1, 1, null, 'Y', null);
INSERT INTO po_source_system (po_external_system_id, system_code, system_name, sso_url, app_key, app_secret, get_token_url, refresh_token_url, create_time, create_user, com_acct_id, redirect_uri, enabled, user_info_url) VALUES (100, 'OTHER', '其他', null, null, null, null, null, '2025-06-06 20:08:18.000000', 1, 1, null, 'Y', null);

delete from byai_ai_prompt where prompt_group_code in('DIG_EMPLOYEE_PROMPT');
INSERT INTO byai_ai_prompt (prompt_id, prompt_group_code, prompt_code, prompt_name, prompt_desc, prompt_filed_code, prompt_zh_template, prompt_en_template, create_by, create_time, update_time, model_code) VALUES (1, 'DIG_EMPLOYEE_PROMPT', 'agentName', '智能体名称', '智能体名称', 'agentName', '你是一个智能体设计助手。请根据以下智能体信息生成一个专业的智能体名称：${description}要求：1. 符合专业背景 2. 体现服务态度 3. 10字以内', 'You are an agent design assistant. Please generate a professional agent name based on the following agent information: ${description}Requirements: 1. Match professional background 2. Reflect service attitude 3. Within 10 words', 1, '2025-11-01 11:42:01.437342', '2025-11-01 11:42:01.437342', null);
INSERT INTO byai_ai_prompt (prompt_id, prompt_group_code, prompt_code, prompt_name, prompt_desc, prompt_filed_code, prompt_zh_template, prompt_en_template, create_by, create_time, update_time, model_code) VALUES (2, 'DIG_EMPLOYEE_PROMPT', 'agentDescription', '智能体描述', '智能体描述', 'agentDescription', '你是一个智能体设计助手。请根据以下智能体信息生成一个专业的智能体描述：${description}要求：1. 符合专业背景 2. 体现服务态度 3. 50字以内', 'You are an agent design assistant. Please generate a professional agent description based on the following agent information: ${description}Requirements: 1. Match professional background 2. Reflect service attitude 3. Within 50 words', 1, '2025-11-01 11:42:01.810211', '2025-11-01 11:42:01.810211', null);
INSERT INTO byai_ai_prompt (prompt_id, prompt_group_code, prompt_code, prompt_name, prompt_desc, prompt_filed_code, prompt_zh_template, prompt_en_template, create_by, create_time, update_time, model_code) VALUES (4, 'DIG_EMPLOYEE_PROMPT', 'openingRemark', '开场白', '开场白', 'openingRemark', '你是一个智能体设计助手。请根据以下智能体信息生成一个友好的开场白，用于初次与用户交互：${description}要求：1. 包含自我介绍 2. 表达服务意愿 3. 30字以内', 'You are an agent design assistant. Please generate a friendly opening remark for initial user interaction based on the following agent information: ${description}Requirements: 1. Include self-introduction 2. Express service willingness 3. Within 30 words', 1, '2025-11-01 11:42:02.683154', '2025-11-01 11:42:02.683154', null);
INSERT INTO byai_ai_prompt (prompt_id, prompt_group_code, prompt_code, prompt_name, prompt_desc, prompt_filed_code, prompt_zh_template, prompt_en_template, create_by, create_time, update_time, model_code) VALUES (5, 'DIG_EMPLOYEE_PROMPT', 'commonQuestions', '常见问题', '常见问题', 'commonQuestions', e'你是一个智能体设计助手。请根据以下智能体信息列出3个用户最可能问的常见问题,要求如下：
1.严格使用JSON字符串数组格式返回,示例:["问题1","问题2","问题3"]
2.禁止编号,禁止出现换行符,禁止标点结尾,直接输出标准JSON数组返回
附智能体信息,如下：
${description}
请按照前面的要求直接返回输出JSON数组结果，不要输出其他多余东西', 'You are an agent design assistant. Please list the top 3 common questions users are most likely to ask based on the following agent information:${description}Format:1.Strictly use JSON array format: ["question1","question2","question3"]2.No numbering or ending punctuation in questions', 1, '2025-11-01 11:42:02.950015', '2025-11-01 11:42:02.950015', null);
INSERT INTO byai_ai_prompt (prompt_id, prompt_group_code, prompt_code, prompt_name, prompt_desc, prompt_filed_code, prompt_zh_template, prompt_en_template, create_by, create_time, update_time, model_code) VALUES (6, 'DIG_EMPLOYEE_PROMPT', 'recommendedQuestionPrompt', '对话问题推荐提示词', '对话问题推荐提示词', 'recommendedQuestionPrompt', '请为智能体生成一组用于指导AI生成追问类问题的提示词。# 智能体信息：${description}# 要求如下：- 这些提示词应能规范AI生成的问题必须与最近一轮回复内容紧密相关，并能引发进一步讨论。- 这些提示词应要求AI避免重复上文已经提问或回答过的问题。- 这些提示词应要求每句话只包含一个问题，也可以是具体的指令（不一定是问句）。- 这些提示词应要求AI只推荐其有能力回答的三个问题。- 输出为简明的分条提示语句，每条一句，适合直接作为AI的行为约束。请根据上述要求，生成一组用于指导AI生成追问类问题的提示词。', 'Please generate a set of prompts to guide the AI in generating follow-up questions.# Agent Information:${description}# Requirements:- These prompts should ensure that the AI''s generated questions are closely related to the most recent reply and can lead to further discussion.- These prompts should require the AI to avoid repeating questions or answers that have already been asked or answered above.- These prompts should require that each sentence contains only one question, or it can be a specific instruction (not necessarily a question).- These prompts should require the AI to recommend only three questions that it is capable of answering.- Output should be concise, with each prompt as a separate statement, suitable for directly constraining the AI''s behavior.Please generate a set of prompts according to the above requirements to guide the AI in generating follow-up questions.', 1, '2025-11-01 11:42:03.212601', '2025-11-01 11:42:03.212601', null);
INSERT INTO byai_ai_prompt (prompt_id, prompt_group_code, prompt_code, prompt_name, prompt_desc, prompt_filed_code, prompt_zh_template, prompt_en_template, create_by, create_time, update_time, model_code) VALUES (7, 'DIG_EMPLOYEE_PROMPT', 'agentTags', '智能体标签', '智能体标签', 'agentTags', e'你是一个智能体设计助手。请根据以下智能体信息生成适合的标签,要求如下：
1.生成3-5个标签
2.标签能准确描述智能体功能
3.输出标签JSON字符串数组结构的字符串,每个标签使用逗号分隔，例如:["标签1","标签2","标签3"]
附智能体信息,如下：
${description}
请按照前面的要求直接返回输出JSON数组结果，不要输出其他多余东西', 'You are an agent design assistant. Please generate appropriate tags based on the following agent information:**Agent Tags:**${description}**Generation Requirements:**1. Generate 3-5 tags2. Tags should accurately describe agent functions3. Output as a string array structure, with each tag separated by commas, for example: "[''tag1'',''tag2'',''tag3'']"', 1, '2025-11-01 11:42:03.551921', '2025-11-01 11:42:03.551921', null);
INSERT INTO byai_ai_prompt (prompt_id, prompt_group_code, prompt_code, prompt_name, prompt_desc, prompt_filed_code, prompt_zh_template, prompt_en_template, create_by, create_time, update_time, model_code) VALUES (8, 'DIG_EMPLOYEE_PROMPT', 'corePersonaDefinition', '人格定义', '人格定义', 'corePersonaDefinition', e'你是一个智能体设计助手。请根据以下智能体信息生成当前智能体的人格定义信息，要求如下:
1.根据给出智能体信息补充下面内容，1.我是谁 2.核心准则 3.边界 4.气质 5.连续性内容
2.定义格式如下:
#我是谁
我是你的xxx,写一段简介自己的内容

## 核心准则
这里补充自己的核心准则

## 边界
这里补充自己的边界能力

## 气质
这里补充自己谈吐气质

## 连续性
这里补充自己连续性内容

附智当前能体信息,如下:
${description}

请按照前面的要求格式直接返回输出文本结果，不要输出其他多余东西', 'You are an agent design assistant. Please generate a core ability description based on the following agent information:**Agent Information:**${description}**Generation Requirements:**1. List 3-5 core capabilities2. Each capability should be described concisely and clearly3. Highlight the agent''s professional strengths and distinctive features4. Within 200 words', 1, '2025-11-01 11:42:03.832222', '2025-11-01 11:42:03.832222', null);
INSERT INTO byai_ai_prompt (prompt_id, prompt_group_code, prompt_code, prompt_name, prompt_desc, prompt_filed_code, prompt_zh_template, prompt_en_template, create_by, create_time, update_time, model_code) VALUES (9, 'DIG_EMPLOYEE_PROMPT', 'faqs', '示例问法', '示例问法', 'faqs', e'你是一个智能体设计助手。请根据以下智能体信息生成示例问法，要求如下:
1.生成5-8个典型用户问题示例
2.问题应覆盖智能体的主要功能场景2. 问题应覆盖智能体的主要功能场景
3.问题表述自然口语化
4.输出标签JSON字符串数组结构的字符串,每个标签使用逗号分隔,例如:["问题1","问题2","问题3"]
附智能体信息,如下:
${description}
请按照前面的要求直接返回输出结果，不要输出其他多余东西', 'You are an agent design assistant. Please generate example questions based on the following agent information:**Agent Information:**${description}**Generation Requirements:**1. Generate 5-8 typical user question examples2. Questions should cover the agent''s main functional scenarios3. Questions should be naturally conversational4. Strictly use JSON array format: ["question1","question2","question3"]', 1, '2025-11-01 11:42:04.505584', '2025-11-01 11:42:04.505584', null);
INSERT INTO byai_ai_prompt (prompt_id, prompt_group_code, prompt_code, prompt_name, prompt_desc, prompt_filed_code, prompt_zh_template, prompt_en_template, create_by, create_time, update_time, model_code) VALUES (10, 'DIG_EMPLOYEE_PROMPT', 'coreCompetencies', '核心能力', '核心能力', 'coreCompetencies', e'你是一个智能体设计助手。请根据以下智能体信息生成当前智能体的核心能力和拒绝能力边界，要求如下:
1.生成3-5组核心能力和边界组
2.coreCompetency为核心能力名称,description为核心能力描述,acceptBoundary为能力边界,rejectBoundary为拒绝能力边界,example为能力示例
2.问题应覆盖智能体的主要功能场景
3.问题表述自然口语化
4.输出标签JSON字符串数组结构的字符串,每组能力用逗号分隔,参考智能体:网球电子教练的格式，例如:
[{
	"coreCompetency": "网球技术指导",
	"description": "提供网球基本技术指导，包括正手、反手、发球、截击等动作要领讲解与训练建议。",
	"acceptBoundary": ["正手击球动作分析与改进", "反手击球动作优化", "发球技巧与训练方法", "截击和高压球技术指导", "步伐移动与站位建议"],
	"rejectBoundary": ["不提供比赛心理辅导", "不涉及专业体能训练计划"],
	"example": ["我的正手动作哪里不对？", "如何提高发球速度？", "截击球应该注意什么？", "双打站位有哪些技巧？"]
}, {
	"coreCompetency": "战术策略分析",
	"description": "根据对手特点和比赛情况，提供基础战术建议和应对策略，提升实战能力。",
	"acceptBoundary": ["单打基础战术建议", "双打配合策略", "针对不同场地的比赛策略", "应对不同打法的战术调整", "关键分处理技巧"],
	"rejectBoundary": ["不提供专业赛事数据分析", "不涉及职业比赛备战策略"],
	"example": ["我该怎么对付快攻型选手？", "红土场地上如何调整战术？", "双打如何配合更默契？", "关键分怎么打更稳妥？"]
}, {
	"coreCompetency": "训练计划制定",
	"description": "根据用户水平和目标，制定个性化训练计划，涵盖技术、体能和实战训练内容。",
	"acceptBoundary": ["初学者入门训练计划", "进阶选手提升计划", "专项技术强化训练", "周期性训练安排建议", "自我训练方法指导"],
	"rejectBoundary": ["不提供职业运动员定制计划", "不涉及康复性训练方案"],
	"example": ["我该怎么开始网球训练？", "一个月如何提升反手能力？", "如何安排每周训练内容？", "有哪些有效的发球训练方法？"]
}]

附智当前能体信息,如下:
${description}

请按照前面的要求直接返回输出JSON数组结果，不要输出其他多余东西', 'You are an agent design assistant. Please define personality dimensions based on the following agent information:**Agent Information:**${description}**Generation Requirements:**1. Describe the agent''s personality traits (e.g., professional, friendly, rigorous)2. Explain its emotional expression style3. Define its interaction style4. Within 150 words', 1, '2025-11-01 11:42:04.789458', '2025-11-01 11:42:04.789458', null);


delete from byai.byai_system_config_list where param_group_code in('TEMPLATE_PERSONAL_ASSISTANT');
INSERT INTO byai.byai_system_config_list (param_id, param_group_code, param_group_name, param_name, param_en_name, param_value, param_desc, param_seq) VALUES (nextval('byai.seq_any_table'), 'TEMPLATE_PERSONAL_ASSISTANT', '数字员工模板设置-个人助手', '工作规范', 'agent', '', '工作规范', 1);
INSERT INTO byai.byai_system_config_list (param_id, param_group_code, param_group_name, param_name, param_en_name, param_value, param_desc, param_seq) VALUES (nextval('byai.seq_any_table'), 'TEMPLATE_PERSONAL_ASSISTANT', '数字员工模板设置-个人助手', '人格定义', 'soul', '', '人格定义', 2);
INSERT INTO byai.byai_system_config_list (param_id, param_group_code, param_group_name, param_name, param_en_name, param_value, param_desc, param_seq) VALUES (nextval('byai.seq_any_table'), 'TEMPLATE_PERSONAL_ASSISTANT', '数字员工模板设置-个人助手', '工具规范', 'tools', '', '工具规范', 3);
INSERT INTO byai.byai_system_config_list (param_id, param_group_code, param_group_name, param_name, param_en_name, param_value, param_desc, param_seq) VALUES (nextval('byai.seq_any_table'), 'TEMPLATE_PERSONAL_ASSISTANT', '数字员工模板设置-个人助手', '记忆规范', 'memory', '', '记忆规范', 4);

delete from byai.byai_system_config_list where param_group_code in('TEMPLATE_GENERAL_QUESTIONS_ANSWERS');
INSERT INTO byai.byai_system_config_list (param_id, param_group_code, param_group_name, param_name, param_en_name, param_value, param_desc, param_seq) VALUES (nextval('byai.seq_any_table'), 'TEMPLATE_GENERAL_QUESTIONS_ANSWERS', '数字员工模板设置-综合问答', '问题改写', 'rewrite', '', '问题改写', 1);
INSERT INTO byai.byai_system_config_list (param_id, param_group_code, param_group_name, param_name, param_en_name, param_value, param_desc, param_seq) VALUES (nextval('byai.seq_any_table'), 'TEMPLATE_GENERAL_QUESTIONS_ANSWERS', '数字员工模板设置-综合问答', '问题分解', 'split', '', '问题分解', 2);
INSERT INTO byai.byai_system_config_list (param_id, param_group_code, param_group_name, param_name, param_en_name, param_value, param_desc, param_seq) VALUES (nextval('byai.seq_any_table'), 'TEMPLATE_GENERAL_QUESTIONS_ANSWERS', '数字员工模板设置-综合问答', '单条总结', 'single-summary', '', '单条总结', 3);
INSERT INTO byai.byai_system_config_list (param_id, param_group_code, param_group_name, param_name, param_en_name, param_value, param_desc, param_seq) VALUES (nextval('byai.seq_any_table'), 'TEMPLATE_GENERAL_QUESTIONS_ANSWERS', '数字员工模板设置-综合问答', '多条总结', 'multi-summary', '', '多条总结', 4);
INSERT INTO byai.byai_system_config_list (param_id, param_group_code, param_group_name, param_name, param_en_name, param_value, param_desc, param_seq) VALUES (nextval('byai.seq_any_table'), 'TEMPLATE_GENERAL_QUESTIONS_ANSWERS', '数字员工模板设置-综合问答', '综合回答', 'answer', '', '综合回答', 5);

delete from byai.byai_system_config_list where param_group_code in('TEMPLATE_DEFAULT_OTHER');
INSERT INTO byai.byai_system_config_list (param_id, param_group_code, param_group_name, param_name, param_en_name, param_value, param_desc, param_seq) VALUES (nextval('byai.seq_any_table'), 'TEMPLATE_DEFAULT_OTHER', '数字员工模板设置-其他', '工作规范', 'agent', '', '工作规范', 1);


delete from byai.byai_system_config_list where param_group_code in('ACCESSTERMINAL');
INSERT INTO byai.byai_system_config_list (param_id, param_group_code, param_group_name, param_name, param_en_name, param_value, param_desc, param_seq) VALUES (nextval('byai.seq_any_table'), 'ACCESSTERMINAL', '来源终端类型', 'APP端', 'APP', 'APP', 'APP移动端', 3);
INSERT INTO byai.byai_system_config_list (param_id, param_group_code, param_group_name, param_name, param_en_name, param_value, param_desc, param_seq) VALUES (nextval('byai.seq_any_table'), 'ACCESSTERMINAL', '来源终端类型', 'Electron端', 'ELECTRON', 'Electron', 'Electron端', 2);
INSERT INTO byai.byai_system_config_list (param_id, param_group_code, param_group_name, param_name, param_en_name, param_value, param_desc, param_seq) VALUES (nextval('byai.seq_any_table'), 'ACCESSTERMINAL', '来源终端类型', '钉钉端', 'DINGDING', 'DingDing', '钉钉端', 4);
INSERT INTO byai.byai_system_config_list (param_id, param_group_code, param_group_name, param_name, param_en_name, param_value, param_desc, param_seq) VALUES (nextval('byai.seq_any_table'), 'ACCESSTERMINAL', '来源终端类型', 'Wx微信端', 'WX', 'Wx', '微信端', 5);
INSERT INTO byai.byai_system_config_list (param_id, param_group_code, param_group_name, param_name, param_en_name, param_value, param_desc, param_seq) VALUES (nextval('byai.seq_any_table'), 'ACCESSTERMINAL', '来源终端类型', 'web端', 'WEB', 'Web', 'web端', 1);

delete from byai.byai_system_config_list where param_group_code in('FEEDBACK');
INSERT INTO byai.byai_system_config_list (param_id, param_group_code, param_group_name, param_name, param_en_name, param_value, param_desc, param_seq) VALUES (nextval('byai.seq_any_table'), 'FEEDBACK', 'Feedback Type', 'Inaccurate Answer', 'ANS_INACCURATE', 'ANS_INACCURATE', '未解决问题答案不准确（界面反馈展示用，约定人张志豪）', 1);
INSERT INTO byai.byai_system_config_list (param_id, param_group_code, param_group_name, param_name, param_en_name, param_value, param_desc, param_seq) VALUES (nextval('byai.seq_any_table'), 'FEEDBACK', 'Feedback Type', 'Wrong Person', 'WRONG_PERSON', 'WRONG_PERSON', '未解决问题找错人（界面反馈展示用，约定人张志豪）', 2);
INSERT INTO byai.byai_system_config_list (param_id, param_group_code, param_group_name, param_name, param_en_name, param_value, param_desc, param_seq) VALUES (nextval('byai.seq_any_table'), 'FEEDBACK', 'Feedback Type', 'Others', 'FEED_OTHER', 'FEED_OTHER', '未解决问题其他（界面反馈展示用，约定人张志豪）', 3);


delete from byai.byai_system_config_list where param_group_code in('DIG_EMPLOYEE_AGENT_TYPE');
INSERT INTO byai.byai_system_config_list (param_id, param_group_code, param_group_name, param_name, param_en_name, param_value, param_desc, param_seq) VALUES (nextval('byai.seq_any_table'), 'DIG_EMPLOYEE_AGENT_TYPE', '数字员工类型', '助手', 'Assistant', '001', '助手', 1);
INSERT INTO byai.byai_system_config_list (param_id, param_group_code, param_group_name, param_name, param_en_name, param_value, param_desc, param_seq) VALUES (nextval('byai.seq_any_table'), 'DIG_EMPLOYEE_AGENT_TYPE', '数字员工类型', '问答', 'QA', '006', '问答', 2);
INSERT INTO byai.byai_system_config_list (param_id, param_group_code, param_group_name, param_name, param_en_name, param_value, param_desc, param_seq) VALUES (nextval('byai.seq_any_table'), 'DIG_EMPLOYEE_AGENT_TYPE', '数字员工类型', '问数', 'DataQuery', '005', '问数', 3);
INSERT INTO byai.byai_system_config_list (param_id, param_group_code, param_group_name, param_name, param_en_name, param_value, param_desc, param_seq) VALUES (nextval('byai.seq_any_table'), 'DIG_EMPLOYEE_AGENT_TYPE', '数字员工类型', '调试', 'Debug', '010', '调试', 4);
INSERT INTO byai.byai_system_config_list (param_id, param_group_code, param_group_name, param_name, param_en_name, param_value, param_desc, param_seq) VALUES (nextval('byai.seq_any_table'), 'DIG_EMPLOYEE_AGENT_TYPE', '数字员工类型', '编码', 'Coding', '011', '编码', 5);

delete from byai.byai_system_config_list where param_group_name in('MENU_ICON_SHOW_TAB');
INSERT INTO byai.byai_system_config_list (param_id, param_group_code, param_group_name, param_name, param_en_name, param_value, param_desc, param_seq) VALUES (nextval('byai.seq_any_table'), 'MENU_ICON_SHOW_TAB', '菜单图标显示', '工具', 'Tool', 'true', '工具', 4);
INSERT INTO byai.byai_system_config_list (param_id, param_group_code, param_group_name, param_name, param_en_name, param_value, param_desc, param_seq) VALUES (nextval('byai.seq_any_table'), 'MENU_ICON_SHOW_TAB', '菜单图标显示', '知识', 'Knowledge', 'true', '知识', 3);
INSERT INTO byai.byai_system_config_list (param_id, param_group_code, param_group_name, param_name, param_en_name, param_value, param_desc, param_seq) VALUES (nextval('byai.seq_any_table'), 'MENU_ICON_SHOW_TAB', '菜单图标显示', '视图', 'View', 'true', '视图', 5);
INSERT INTO byai.byai_system_config_list (param_id, param_group_code, param_group_name, param_name, param_en_name, param_value, param_desc, param_seq) VALUES (nextval('byai.seq_any_table'), 'MENU_ICON_SHOW_TAB', '菜单图标显示', '对象', 'Object', 'true', '对象', 6);
INSERT INTO byai.byai_system_config_list (param_id, param_group_code, param_group_name, param_name, param_en_name, param_value, param_desc, param_seq) VALUES (nextval('byai.seq_any_table'), 'MENU_ICON_SHOW_TAB', '菜单图标显示', '会话', 'Session', 'true', '会话', 1);
INSERT INTO byai.byai_system_config_list (param_id, param_group_code, param_group_name, param_name, param_en_name, param_value, param_desc, param_seq) VALUES (nextval('byai.seq_any_table'), 'MENU_ICON_SHOW_TAB', '菜单图标显示', '员工', 'Employees', 'true', '员工', 2);

delete from byai.byai_system_config where param_code in('BYAI_BRAND_VERSION');
INSERT INTO byai.byai_system_config (param_id, param_type, param_code, param_name, param_en_name, param_value, param_desc) VALUES (10001781, null, 'BYAI_BRAND_VERSION', '百应商标版信息', 'BYAI_BRAND_VERSION', 'openSource', '百应商标版本，商用:commercial,开源:openSource');

delete from byai.byai_system_config_list where param_group_code in('DIG_EMPLOYEE_FILE_UPLOAD_TYPE');
INSERT INTO byai.byai_system_config_list (param_id, param_group_code, param_group_name, param_name, param_en_name, param_value, param_desc, param_seq) VALUES (nextval('byai.seq_any_table'), 'DIG_EMPLOYEE_FILE_UPLOAD_TYPE', '数字员工文件上传类型配置', 'doc', 'doc', '.doc', 'doc', 2);
INSERT INTO byai.byai_system_config_list (param_id, param_group_code, param_group_name, param_name, param_en_name, param_value, param_desc, param_seq) VALUES (nextval('byai.seq_any_table'), 'DIG_EMPLOYEE_FILE_UPLOAD_TYPE', '数字员工文件上传类型配置', 'docx', 'docx', '.docx', 'docx', 3);
INSERT INTO byai.byai_system_config_list (param_id, param_group_code, param_group_name, param_name, param_en_name, param_value, param_desc, param_seq) VALUES (nextval('byai.seq_any_table'), 'DIG_EMPLOYEE_FILE_UPLOAD_TYPE', '数字员工文件上传类型配置', 'xls', 'xls', '.xls', 'xls', 4);
INSERT INTO byai.byai_system_config_list (param_id, param_group_code, param_group_name, param_name, param_en_name, param_value, param_desc, param_seq) VALUES (nextval('byai.seq_any_table'), 'DIG_EMPLOYEE_FILE_UPLOAD_TYPE', '数字员工文件上传类型配置', 'png', 'png', '.png', 'png', 10);
INSERT INTO byai.byai_system_config_list (param_id, param_group_code, param_group_name, param_name, param_en_name, param_value, param_desc, param_seq) VALUES (nextval('byai.seq_any_table'), 'DIG_EMPLOYEE_FILE_UPLOAD_TYPE', '数字员工文件上传类型配置', 'md', 'md', '.md', 'md', 8);
INSERT INTO byai.byai_system_config_list (param_id, param_group_code, param_group_name, param_name, param_en_name, param_value, param_desc, param_seq) VALUES (nextval('byai.seq_any_table'), 'DIG_EMPLOYEE_FILE_UPLOAD_TYPE', '数字员工文件上传类型配置', 'pdf', 'pdf', '.pdf', 'pdf', 1);
INSERT INTO byai.byai_system_config_list (param_id, param_group_code, param_group_name, param_name, param_en_name, param_value, param_desc, param_seq) VALUES (nextval('byai.seq_any_table'), 'DIG_EMPLOYEE_FILE_UPLOAD_TYPE', '数字员工文件上传类型配置', 'ppt', 'ppt', '.ppt', 'ppt', 6);
INSERT INTO byai.byai_system_config_list (param_id, param_group_code, param_group_name, param_name, param_en_name, param_value, param_desc, param_seq) VALUES (nextval('byai.seq_any_table'), 'DIG_EMPLOYEE_FILE_UPLOAD_TYPE', '数字员工文件上传类型配置', 'txt', 'txt', '.txt', 'txt', 9);
INSERT INTO byai.byai_system_config_list (param_id, param_group_code, param_group_name, param_name, param_en_name, param_value, param_desc, param_seq) VALUES (nextval('byai.seq_any_table'), 'DIG_EMPLOYEE_FILE_UPLOAD_TYPE', '数字员工文件上传类型配置', 'csv', 'csv', '.csv', 'csv', 7);
INSERT INTO byai.byai_system_config_list (param_id, param_group_code, param_group_name, param_name, param_en_name, param_value, param_desc, param_seq) VALUES (nextval('byai.seq_any_table'), 'DIG_EMPLOYEE_FILE_UPLOAD_TYPE', '数字员工文件上传类型配置', 'xlsx', 'xlsx', '.xlsx', 'xlsx', 5);
INSERT INTO byai.byai_system_config_list (param_id, param_group_code, param_group_name, param_name, param_en_name, param_value, param_desc, param_seq) VALUES (nextval('byai.seq_any_table'), 'DIG_EMPLOYEE_FILE_UPLOAD_TYPE', '数字员工文件上传类型配置', 'zip', 'zip', '.zip', 'zip', 12);
INSERT INTO byai.byai_system_config_list (param_id, param_group_code, param_group_name, param_name, param_en_name, param_value, param_desc, param_seq) VALUES (nextval('byai.seq_any_table'), 'DIG_EMPLOYEE_FILE_UPLOAD_TYPE', '数字员工文件上传类型配置', 'jpeg', 'jpeg', '.jpeg', 'jpeg', 11);

INSERT INTO byai.po_enterprise_info (enterprise_id, com_acct_name, com_acct_code, system_name, com_acct_address, logo_data, copyright, demo_switch, project_switch) VALUES (1, '浩鲸云科技股份有限公司', 'iwhale', '浩鲸云科技股份有限公司', '广州市番禺区大石街石北路644号巨大创意产业园19栋301-308', '', null, '0', '0');
